# Measured G1 fall: two deliberate falls, peak tilt 81.15 deg, yaw spun at 0.7 rad/s to exercise yaw invariance.
t_s,qw,qx,qy,qz
0.0008,0.999219719,0.039495251,0.000011057,0.000279745
0.0216,0.999187823,0.039579576,0.000299227,0.007554007
0.0438,0.999097136,0.039622265,0.000607455,0.015317316
0.0656,0.998948208,0.039691448,0.000911475,0.022939853
0.0862,0.998756847,0.039683844,0.001197625,0.030141639
0.1068,0.998514574,0.039648908,0.001482765,0.037341813
0.1275,0.998220042,0.039581374,0.001767490,0.044575099
0.1476,0.997883825,0.039515711,0.002043199,0.051596564
0.1687,0.997479225,0.039407276,0.002329510,0.058964693
0.1890,0.997039572,0.039276620,0.002601943,0.066050500
0.2092,0.996552025,0.039146797,0.002871460,0.073098183
0.2299,0.996000848,0.039008497,0.003145609,0.080316582
0.2513,0.995375151,0.038886556,0.003429112,0.087774632
0.2723,0.994711745,0.038638950,0.003693675,0.095089078
0.2924,0.994024745,0.038442857,0.003948033,0.102085096
0.3129,0.993273529,0.038236715,0.004204313,0.109215265
0.3340,0.992445385,0.038061722,0.004469793,0.116548206
0.3541,0.991602934,0.037976550,0.004730870,0.123527410
0.3753,0.990665220,0.037779602,0.004991278,0.130882427
0.3976,0.989617137,0.037644498,0.005272688,0.138611013
0.4182,0.988593608,0.037564094,0.005537861,0.145742748
0.4388,0.987517387,0.037516296,0.005807483,0.152866644
0.4598,0.986367407,0.037465712,0.006081952,0.160120795
0.4808,0.985163108,0.037440631,0.006360663,0.167366041
0.5010,0.983954663,0.037409323,0.006627793,0.174326810
0.5219,0.982652528,0.037376133,0.006904272,0.181519599
0.5421,0.981345677,0.037298982,0.007163084,0.188462563
0.5622,0.979995481,0.037250233,0.007425813,0.195361548
0.5826,0.978575985,0.037186870,0.007689646,0.202353767
0.6029,0.977112414,0.037161994,0.007960237,0.209301103
0.6245,0.975499629,0.037168005,0.008255890,0.216681455
0.6498,0.973540555,0.037149515,0.008597662,0.225310410
0.6718,0.971773252,0.037175495,0.008905803,0.232799091
0.7000,0.969422139,0.037244831,0.009312049,0.242377443
0.7203,0.967671128,0.037293419,0.009606239,0.249257916
0.7418,0.965763540,0.037338068,0.009917937,0.256531262
0.7619,0.963928298,0.037438974,0.010227241,0.263317228
0.7860,0.961670337,0.037418513,0.010561622,0.271437784
0.8065,0.959689837,0.037551982,0.010890790,0.278328326
0.8281,0.957552667,0.037611467,0.011216984,0.285573890
0.8484,0.955493878,0.037674240,0.011527811,0.292368280
0.8689,0.953366405,0.037721179,0.011838819,0.299214726
0.8979,0.950271924,0.037810538,0.012289807,0.308873104
0.9188,0.947980713,0.037880118,0.012619526,0.315813889
0.9397,0.945637786,0.037971645,0.012959367,0.322737333
0.9598,0.943338138,0.038023600,0.013276478,0.329379869
0.9804,0.940934687,0.038029530,0.013586950,0.336171184
1.0005,0.938540607,0.038077155,0.013906798,0.342780193
1.0211,0.936040460,0.038082906,0.014220927,0.349536427
1.0414,0.933531092,0.038037117,0.014512594,0.356177292
1.0615,0.930999536,0.038002327,0.014806412,0.362734691
1.0833,0.928204991,0.037883389,0.015094000,0.369827683
1.1057,0.925283932,0.037594322,0.015321434,0.377096229
1.1275,0.922386433,0.037312926,0.015539776,0.384147796
1.1477,0.919654214,0.037035198,0.015732277,0.390662279
1.1731,0.916153128,0.036689206,0.015971798,0.398826090
1.2001,0.912351771,0.036326447,0.016223918,0.407469533
1.2206,0.909413483,0.035988483,0.016383701,0.414009082
1.2420,0.906291984,0.035740592,0.016595138,0.420811182
1.2624,0.903267322,0.035544732,0.016813734,0.427272765
1.2917,0.898840476,0.035313182,0.017149546,0.436514228
1.3123,0.895670782,0.035165168,0.017392110,0.442983946
1.3330,0.892437674,0.035043692,0.017649168,0.449461284
1.3570,0.888631074,0.034886450,0.017938921,0.456941950
1.3777,0.885296876,0.034764839,0.018196052,0.463367836
1.3984,0.881914760,0.034678274,0.018472040,0.469768621
1.4188,0.878537037,0.034573868,0.018734542,0.476052874
1.4413,0.874758085,0.034497019,0.019045845,0.482954972
1.4618,0.871265028,0.034495577,0.019369287,0.489215839
1.4828,0.867641982,0.034447684,0.019676801,0.495604249
1.5036,0.864006037,0.034429442,0.020000200,0.501904547
1.5240,0.860395912,0.034399141,0.020312463,0.508058046
1.5443,0.856760387,0.034356384,0.020617823,0.514155796
1.5646,0.853082700,0.034283473,0.020906803,0.520228273
1.5854,0.849272025,0.034151858,0.021169152,0.526424301
1.6059,0.845472490,0.034014586,0.021423402,0.532503817
1.6268,0.841554371,0.033863575,0.021675874,0.538673979
1.6499,0.837170414,0.033719365,0.021969896,0.545459464
1.6707,0.833178807,0.033522179,0.022190721,0.551540489
1.6912,0.829201133,0.033335323,0.022412671,0.557505076
1.7119,0.825140113,0.033176391,0.022656545,0.563497829
1.7320,0.821158451,0.032943807,0.022839200,0.569290678
1.7521,0.817138092,0.032659668,0.022984079,0.575056882
1.7729,0.812934389,0.032383650,0.023144164,0.580993396
1.7934,0.808747692,0.032146182,0.023324709,0.586813217
1.8135,0.804601187,0.031937765,0.023518223,0.592489495
1.8343,0.800269597,0.031690285,0.023693712,0.598333441
1.8559,0.795724715,0.031476231,0.023906768,0.604367348
1.8844,0.789658825,0.031181069,0.024176805,0.612276215
1.9051,0.785202717,0.030992073,0.024391828,0.617981572
1.9253,0.780813055,0.030842698,0.024629375,0.623516716
1.9459,0.776298403,0.030634512,0.024826953,0.629131099
1.9681,0.771386486,0.030446070,0.025068664,0.635143675
1.9882,0.766897878,0.030301752,0.025309622,0.640553567
2.0090,0.762213896,0.030129335,0.025540258,0.646119103
2.0292,0.757625538,0.029980411,0.025780490,0.651490665
2.0494,0.752999688,0.029820394,0.026011867,0.656829960
2.0719,0.747803357,0.029627027,0.026256883,0.662738979
2.0966,0.742045251,0.029420949,0.026531879,0.669178087
2.1168,0.737295831,0.029228131,0.026735100,0.674407746
2.1386,0.732127919,0.029042460,0.026975134,0.680012933
2.1595,0.727133499,0.028858956,0.027200612,0.685349664
2.1800,0.722196178,0.028695193,0.027437706,0.690547927
2.2061,0.715857467,0.028455224,0.027710248,0.697115865
2.2268,0.710789529,0.028218362,0.027880744,0.702285294
2.2473,0.705734957,0.027952928,0.028017675,0.707369644
2.2750,0.698848807,0.027557406,0.028162085,0.714183332
2.2962,0.693536033,0.027204249,0.028217006,0.719354919
2.3163,0.688463604,0.026867488,0.028262961,0.724221795
2.3372,0.683153185,0.026515160,0.028304098,0.729244506
2.3582,0.677779278,0.026192257,0.028374552,0.734250707
2.3786,0.672524867,0.025849318,0.028407339,0.739077221
2.3998,0.667027421,0.025508602,0.028454211,0.744052477
2.4202,0.661701487,0.025211245,0.028529757,0.748800099
2.4423,0.655892076,0.024929716,0.028654831,0.753898531
2.4638,0.650201758,0.024678772,0.028801221,0.758814287
2.4930,0.642414068,0.024352308,0.029015191,0.765420962
2.5156,0.636338686,0.024143693,0.029233132,0.770477503
2.5363,0.630738656,0.023964844,0.029448543,0.775065944
2.5596,0.624396611,0.023736975,0.029659334,0.780183153
2.5880,0.616611317,0.023429694,0.029879400,0.786351546
2.6089,0.610844629,0.023159860,0.029984424,0.790843470
2.6299,0.605018818,0.022849621,0.030036545,0.795316246
2.6504,0.599299833,0.022556121,0.030096439,0.799640629
2.6735,0.592820123,0.022182208,0.030101610,0.804466372
2.6943,0.586953895,0.021802159,0.030041389,0.808769006
2.7145,0.581227690,0.021415756,0.029952167,0.812907501
2.7358,0.575159089,0.020982572,0.029813598,0.817228795
2.7568,0.569144416,0.020556758,0.029669525,0.821444930
2.7773,0.563242504,0.020161490,0.029549708,0.825516935
2.7986,0.557079516,0.019748126,0.029412467,0.829703158
2.8191,0.551117456,0.019385571,0.029324958,0.833686869
2.8407,0.544802412,0.019068712,0.029325175,0.837834560
2.8613,0.538750432,0.018772627,0.029330412,0.841745382
2.8837,0.532137046,0.018474304,0.029368905,0.845947003
2.9055,0.525667954,0.018223077,0.029465986,0.849984045
2.9258,0.519615406,0.018019612,0.029605146,0.853697053
2.9463,0.513473427,0.017904418,0.029896785,0.857397605
2.9670,0.507242715,0.017840947,0.030286469,0.861086092
2.9936,0.499196525,0.017774286,0.030825992,0.865757854
3.0145,0.492845207,0.017688100,0.031201755,0.869377469
3.0372,0.485917810,0.017569828,0.031575255,0.873257228
3.0575,0.479694421,0.017529654,0.032036677,0.876675325
3.0841,0.471504834,0.017421969,0.032556027,0.881090104
3.1048,0.465093343,0.017604917,0.033478709,0.884453179
3.1255,0.458658832,0.017740952,0.034339054,0.887771459
3.1473,0.451857597,0.017842788,0.035192055,0.891217070
3.1677,0.445466001,0.018014026,0.036167752,0.894386623
3.1878,0.439150525,0.018064580,0.036917799,0.897472876
3.2089,0.432495005,0.018170392,0.037839330,0.900658700
3.2291,0.426099286,0.018309590,0.038830371,0.903657214
3.2493,0.419684669,0.018384007,0.039713639,0.906614380
3.2701,0.413055901,0.018491644,0.040721186,0.909606875
3.2916,0.406180129,0.018611119,0.041817315,0.912645956
3.3122,0.399568081,0.018770814,0.043008218,0.915501665
3.3330,0.392868613,0.018962240,0.044324220,0.918330033
3.3583,0.384697109,0.019067558,0.045684885,0.921714410
3.3788,0.378042221,0.019369425,0.047361318,0.924373198
3.3998,0.371213762,0.019487297,0.048667426,0.927066378
3.4203,0.364534560,0.019476409,0.049670031,0.929660213
3.4404,0.357972270,0.019372046,0.050445215,0.932167291
3.4607,0.351329345,0.019213970,0.051115833,0.934658058
3.4807,0.344769322,0.019015751,0.051684126,0.937070577
3.5008,0.338160701,0.018794224,0.052212602,0.939450883
3.5213,0.331408100,0.018480431,0.052520351,0.941843277
3.5422,0.324512625,0.018043363,0.052501687,0.944250796
3.5623,0.317866284,0.017592848,0.052386959,0.946523705
3.5838,0.310738428,0.017132522,0.052317468,0.948899883
3.6042,0.303956486,0.016738912,0.052377041,0.951097739
3.6249,0.297060980,0.016302492,0.052315586,0.953284891
3.6450,0.290352512,0.015838526,0.052114671,0.955368317
3.6658,0.283397481,0.015317999,0.051753165,0.957482552
3.6865,0.276461943,0.014779078,0.051295065,0.959541135
3.7075,0.269413449,0.014183251,0.050622757,0.961588563
3.7284,0.262384151,0.013585203,0.049890177,0.963577174
3.7488,0.255508535,0.013016604,0.049184674,0.965467153
3.7688,0.248753601,0.012481835,0.048535167,0.967269449
3.7928,0.240630843,0.011853220,0.047750090,0.969368984
3.8137,0.233543884,0.011291458,0.046953305,0.971146304
3.8346,0.226443556,0.010743174,0.046155960,0.972870766
3.8551,0.219467022,0.010208149,0.045327873,0.974512906
3.8807,0.210733652,0.009651180,0.044720484,0.976472355
3.9020,0.203461118,0.009031849,0.043417897,0.978078159
3.9227,0.196378625,0.008512952,0.042464105,0.979571215
3.9457,0.188497056,0.007930688,0.041281187,0.981173699
3.9664,0.181393758,0.007385415,0.040005117,0.982568751
3.9868,0.174383278,0.006858701,0.038697688,0.983893246
4.0078,0.167158038,0.006288482,0.037063697,0.985213138
4.0289,0.159888854,0.005711270,0.035237650,0.986489353
4.0490,0.152954418,0.005191747,0.033523930,0.987650818
4.0699,0.145734268,0.004690385,0.031824060,0.988800664
4.0917,0.138191339,0.004263289,0.030539815,0.989925400
4.1157,0.129875733,0.003854508,0.029413892,0.991086404
4.1365,0.122663516,0.003424053,0.027692438,0.992055980
4.1573,0.115441021,0.003116786,0.026808540,0.992947611
4.1776,0.108385629,0.002838840,0.026028702,0.993764058
4.1986,0.101080605,0.002571066,0.025297261,0.994553241
4.2191,0.093943680,0.002325793,0.024640209,0.995269831
4.2398,0.086732117,0.002083184,0.023921141,0.995942257
4.2606,0.079480276,0.001875000,0.023509541,0.996557410
4.2808,0.072432834,0.001702294,0.023433456,0.997096515
4.3019,0.065066644,0.001559060,0.023903308,0.997593371
4.3226,0.057836385,0.001429298,0.024663860,0.998020342
4.3445,0.050184471,0.001259698,0.025061817,0.998424678
4.3652,0.042948916,0.001106504,0.025730941,0.998745255
4.3860,0.035676013,0.000954335,0.026723457,0.999005590
4.4061,0.028646512,0.000792564,0.027645092,0.999206935
4.4265,0.021510886,0.000616540,0.028643387,0.999358023
4.4481,0.013954699,0.000416908,0.029859596,0.999456601
4.4684,0.006852961,0.000213070,0.031075961,0.999493510
4.4997,-0.004096433,-0.000133355,0.032536520,0.999462144
4.5206,-0.011406957,-0.000382563,0.033516694,0.999372987
4.5408,-0.018471623,-0.000636038,0.034406964,0.999236987
4.5616,-0.025744607,-0.000913598,0.035452864,0.999039276
4.5821,-0.032910867,-0.001198648,0.036377167,0.998795344
4.6023,-0.039970033,-0.001494835,0.037342849,0.998501714
4.6231,-0.047236337,-0.001809477,0.038236014,0.998150020
4.6441,-0.054569526,-0.002140084,0.039128960,0.997740703
4.6645,-0.061689852,-0.002472544,0.039971685,0.997291589
4.6957,-0.072572452,-0.003004764,0.041258934,0.996504847
4.7162,-0.079717835,-0.003362701,0.042010702,0.995926132
4.7373,-0.087067246,-0.003749750,0.042863701,0.995272795
4.7574,-0.094063942,-0.004115556,0.043516751,0.994606118
4.7774,-0.101021099,-0.004483636,0.044112235,0.993895742
4.8067,-0.111204554,-0.005012817,0.044751838,0.992776758
4.8275,-0.118424367,-0.005438409,0.045551209,0.991902808
4.8484,-0.125672648,-0.005863482,0.046235780,0.990976416
4.8689,-0.132775242,-0.006287534,0.046881965,0.990016810
4.8902,-0.140147806,-0.006726633,0.047467269,0.988969263
4.9103,-0.147099017,-0.007116496,0.047795532,0.987940698
4.9305,-0.154077275,-0.007509219,0.048096257,0.986858934
4.9512,-0.161220056,-0.007918400,0.048413054,0.985698518
4.9716,-0.168250588,-0.008327144,0.048725577,0.984504046
4.9922,-0.175340874,-0.008750308,0.049068415,0.983245290
5.0175,-0.184037508,-0.009244847,0.049311107,0.981637990
5.0385,-0.191241618,-0.009723020,0.049836346,0.980228772
5.0590,-0.198265670,-0.010162011,0.050168475,0.978810800
5.0801,-0.205484006,-0.010622420,0.050521052,0.977297862
5.1012,-0.212690618,-0.011093042,0.050889966,0.975730422
5.1220,-0.219783717,-0.011550303,0.051193808,0.974135977
5.1425,-0.226762552,-0.012009335,0.051504257,0.972513153
5.1626,-0.233593944,-0.012456575,0.051772651,0.970875015
5.1894,-0.242685431,-0.013034412,0.052023769,0.968621398
5.2103,-0.249759516,-0.013504195,0.052273793,0.966801568
5.2318,-0.257023795,-0.013965802,0.052428354,0.964880818
5.2544,-0.264644986,-0.014434345,0.052513695,0.962806831
5.2759,-0.271878871,-0.014895529,0.052638354,0.960775315
5.2964,-0.278761551,-0.015342152,0.052768586,0.958786781
5.3167,-0.285562426,-0.015793938,0.052917081,0.956767702
5.3371,-0.292381720,-0.016254792,0.053075399,0.954689328
5.3601,-0.300051000,-0.016796468,0.053307653,0.952284395
5.3826,-0.307532694,-0.017361202,0.053623007,0.949866729
5.4029,-0.314265067,-0.017894513,0.053958928,0.947631620
5.4238,-0.321177246,-0.018485781,0.054406508,0.945274238
5.4447,-0.328069196,-0.019126336,0.054968402,0.942859089
5.4649,-0.334709871,-0.019805410,0.055649257,0.940468079
5.4854,-0.341429217,-0.020536406,0.056418431,0.937987903
5.5060,-0.348160260,-0.021319401,0.057281177,0.935440422
5.5265,-0.354829428,-0.022272682,0.058553829,0.932829810
5.5477,-0.361710576,-0.023188870,0.059627223,0.930092646
5.5688,-0.368533158,-0.024187238,0.060860044,0.927304882
5.5908,-0.375618776,-0.025310424,0.062284553,0.924332490
5.6112,-0.382170289,-0.026321144,0.063468638,0.921533938
5.6320,-0.388821594,-0.027460821,0.064877922,0.918615549
5.6522,-0.395257858,-0.028598367,0.066256530,0.915731091
5.6732,-0.401926367,-0.029785762,0.067636786,0.912684649
5.6937,-0.408423411,-0.030819193,0.068643926,0.909685938
5.7140,-0.414835746,-0.031840486,0.069591122,0.906672247
5.7356,-0.421636749,-0.032902174,0.070497942,0.903421241
5.7589,-0.428943015,-0.034073062,0.071479860,0.899854180
5.7811,-0.435854168,-0.035468832,0.072943359,0.896355048
5.8016,-0.442205896,-0.036822190,0.074365058,0.893066577
5.8223,-0.448594975,-0.038185674,0.075733910,0.889701510
5.8426,-0.454840484,-0.039472237,0.076921166,0.886366296
5.8633,-0.461181459,-0.040812936,0.078134970,0.882916130
5.8958,-0.471096297,-0.042795194,0.079707254,0.877430113
5.9164,-0.477356492,-0.043957001,0.080473528,0.873912223
5.9373,-0.483696140,-0.044978848,0.080931391,0.870324685
5.9583,-0.490048141,-0.045912462,0.081199917,0.866689932
5.9790,-0.496290706,-0.046751612,0.081303512,0.863075640
6.0071,-0.504737250,-0.047736160,0.081158053,0.858122915
6.0274,-0.510784896,-0.048696719,0.081461106,0.854453924
6.0534,-0.518509072,-0.049750016,0.081529234,0.849721285
6.0734,-0.524417970,-0.050594552,0.081622714,0.846028201
6.0986,-0.531848609,-0.051424340,0.081350251,0.841352917
6.1225,-0.538831386,-0.052478746,0.081500744,0.836817990
6.1429,-0.544782437,-0.053162485,0.081281703,0.832934050
6.1638,-0.550854997,-0.053814281,0.080978899,0.828918098
6.1845,-0.556844141,-0.054418507,0.080614968,0.824902695
6.2049,-0.562719140,-0.054998600,0.080232964,0.820904986
6.2258,-0.568712377,-0.055548287,0.079777192,0.816771828
6.2463,-0.574564783,-0.056050567,0.079279420,0.812679775
6.2665,-0.580303727,-0.056530668,0.078771084,0.808608054
6.2868,-0.586049738,-0.056928829,0.078147713,0.804486015
6.3084,-0.592134441,-0.057315954,0.077442117,0.800059000
6.3290,-0.597894262,-0.057802381,0.076933108,0.795778005
6.3540,-0.604839709,-0.058417372,0.076351276,0.790523130
6.3775,-0.611332699,-0.058924411,0.075715350,0.785536397
6.4015,-0.617909657,-0.059557798,0.075217035,0.780373578
6.4221,-0.623517428,-0.060125218,0.074818853,0.775895041
6.4426,-0.629062707,-0.060719784,0.074458231,0.771394315
6.4634,-0.634647521,-0.061406991,0.074191548,0.766777229
6.4837,-0.640058433,-0.062148730,0.074010808,0.762223811
6.5038,-0.645378464,-0.062938761,0.073889802,0.757671200
6.5246,-0.650844971,-0.063803865,0.073810093,0.752915639
6.5452,-0.656215773,-0.064748991,0.073820858,0.748157008
6.5657,-0.661521286,-0.065737096,0.073871437,0.743378257
6.5975,-0.669674137,-0.067353537,0.074012490,0.735881922
6.6183,-0.674962989,-0.068391833,0.074063035,0.730932410
6.6391,-0.680202828,-0.069551895,0.074227754,0.725931737
6.6600,-0.685422605,-0.070795264,0.074455567,0.720860771
6.6807,-0.690551180,-0.072065055,0.074699699,0.715797214
6.7020,-0.695776166,-0.073496760,0.075055806,0.710535277
6.7226,-0.700793177,-0.074862877,0.075356273,0.705411869
6.7427,-0.705633916,-0.076362308,0.075791658,0.700360763
6.7637,-0.710660864,-0.077850734,0.076141273,0.695056045
6.7842,-0.715504476,-0.079528414,0.076673431,0.689818643
6.8071,-0.720986209,-0.080356829,0.076238908,0.684038957
6.8275,-0.725598895,-0.083137259,0.077756502,0.678637138
6.8477,-0.730234929,-0.084930225,0.078315096,0.673357670
6.8682,-0.734907082,-0.086688058,0.078792706,0.667973406
6.8889,-0.739582061,-0.088478506,0.079257119,0.662501500
6.9089,-0.744026402,-0.090482464,0.079917693,0.657153558
6.9299,-0.748659861,-0.092506861,0.080503167,0.651513725
6.9513,-0.753351536,-0.094449836,0.080958873,0.645744805
6.9723,-0.757881098,-0.096594776,0.081573522,0.640024571
6.9926,-0.762270688,-0.098253642,0.081785577,0.634508266
7.0127,-0.766491430,-0.100549877,0.082506417,0.628946183
7.0335,-0.770877307,-0.102454421,0.082828511,0.623210002
7.0601,-0.776470742,-0.104530368,0.082909551,0.615867352
7.0807,-0.780745160,-0.106202707,0.082995613,0.610139090
7.1018,-0.785079717,-0.107909698,0.083053336,0.604241242
7.1227,-0.789282157,-0.109934779,0.083338557,0.598333273
7.1431,-0.793338532,-0.111922205,0.083593560,0.592536505
7.1637,-0.797403161,-0.113838728,0.083753185,0.586663743
7.1843,-0.801411203,-0.115839228,0.083944475,0.580753546
7.2113,-0.806595409,-0.118466882,0.084152796,0.572964005
7.2314,-0.810379860,-0.120587244,0.084388916,0.567117016
7.2520,-0.814227391,-0.122663576,0.084531034,0.561107750
7.2728,-0.818061199,-0.124789376,0.084662745,0.555009645
7.2929,-0.821721656,-0.126839919,0.084757061,0.549091427
7.3140,-0.825515460,-0.128999939,0.084829123,0.542851049
7.3351,-0.829269573,-0.131100830,0.084830478,0.536589543
7.3555,-0.832865950,-0.133047951,0.084748857,0.530518787
7.3763,-0.836503609,-0.134922228,0.084568323,0.524314698
7.3965,-0.840033276,-0.136482289,0.084208044,0.518291121
7.4167,-0.843562402,-0.137775084,0.083666627,0.512269846
7.4368,-0.847060902,-0.138876255,0.083003707,0.506272257
7.4573,-0.850565674,-0.140112546,0.082383995,0.500119372
7.4781,-0.853966458,-0.142022581,0.082121602,0.493788333
7.4983,-0.857222296,-0.143879731,0.081843624,0.487616836
7.5185,-0.860412945,-0.145850039,0.081605031,0.481412452
7.5391,-0.863600267,-0.147967740,0.081394682,0.475052664
7.5596,-0.866670989,-0.150377787,0.081320469,0.468673553
7.5821,-0.869950596,-0.153211816,0.081300237,0.461630124
7.6057,-0.873309707,-0.156267910,0.081274869,0.454207983
7.6260,-0.876101991,-0.159130999,0.081332767,0.447780759
7.6477,-0.879029184,-0.162193325,0.081350269,0.440889048
7.6681,-0.881668886,-0.165381328,0.081476623,0.434362237
7.6883,-0.884201615,-0.168681675,0.081625654,0.427868261
7.7093,-0.886725176,-0.172378778,0.081856551,0.421074251
7.7300,-0.889117272,-0.176203973,0.082113855,0.414342795
7.7544,-0.891960755,-0.180209707,0.082114757,0.406432824
7.7747,-0.893815699,-0.185718642,0.083036590,0.399633591
7.7954,-0.895892954,-0.190099462,0.083348009,0.392799082
7.8176,-0.898109047,-0.194514433,0.083487886,0.385478985
7.8389,-0.900138770,-0.198875341,0.083609473,0.378428658
7.8591,-0.901864710,-0.203612036,0.083911856,0.371673222
7.8812,-0.903981243,-0.207467798,0.083629493,0.364391455
7.9016,-0.905737750,-0.211610156,0.083547871,0.357603164
7.9219,-0.907583379,-0.215055484,0.083146921,0.350899042
7.9434,-0.909510602,-0.218556493,0.082615473,0.343799661
7.9640,-0.911281689,-0.221973825,0.082083061,0.336980229
7.9841,-0.912953442,-0.225304188,0.081517489,0.330316416
8.0154,-0.915836884,-0.228922818,0.080001682,0.320057615
8.0398,-0.916207414,-0.238723314,0.081145733,0.311433017
8.0616,-0.916954576,-0.245403089,0.081332880,0.303902273
8.0876,-0.918133927,-0.251846594,0.080932456,0.295048001
8.1084,-0.917893620,-0.260893939,0.081749294,0.287615556
8.1317,-0.918928457,-0.266014492,0.080977467,0.279730996
8.1519,-0.918271463,-0.275442234,0.081724067,0.272452332
8.1721,-0.918430703,-0.281762027,0.081436236,0.265449324
8.1927,-0.918642126,-0.287756459,0.080925367,0.258348504
8.2155,-0.918912802,-0.293958011,0.080143727,0.250529306
8.2359,-0.918338705,-0.301738161,0.079954784,0.243342016
8.2560,-0.917666358,-0.309387931,0.079656765,0.236267567
8.2775,-0.915921135,-0.320164294,0.079867273,0.228483079
8.3065,-0.913311958,-0.334595301,0.079868693,0.218009734
8.3268,-0.910219987,-0.347500034,0.080343802,0.210447560
8.3492,-0.906497768,-0.361807249,0.080668831,0.202113461
8.3700,-0.900219647,-0.381171541,0.082078121,0.193845366
8.3917,-0.891997067,-0.403858421,0.083758978,0.184997413
8.4136,-0.882208325,-0.428325972,0.085414476,0.175925269
8.4344,-0.869758387,-0.456090331,0.087503686,0.166868402
8.4549,-0.856778002,-0.482739057,0.089030102,0.158012973
8.4757,-0.840642389,-0.512809149,0.090720739,0.148717508
8.5042,-0.827781740,-0.536431545,0.089390913,0.137941488
8.5250,-0.800562088,-0.578266587,0.092040812,0.127422864
8.5462,-0.781208112,-0.606017356,0.091852612,0.118405859
8.5667,-0.766724878,-0.625901782,0.090277306,0.110589006
8.5871,-0.761548828,-0.633744573,0.086794159,0.104297525
8.6078,-0.763086559,-0.633391690,0.082075339,0.098881291
8.6288,-0.768809181,-0.627885053,0.076673741,0.093882591
8.6494,-0.775345887,-0.621152524,0.071310212,0.089012082
8.6710,-0.781762267,-0.614407822,0.065833747,0.083765762
8.6984,-0.787190648,-0.609033583,0.059356089,0.076719182
8.7185,-0.796732313,-0.597593829,0.054000036,0.071994675
8.7390,-0.804093701,-0.588701612,0.048940787,0.066847071
8.7610,-0.811652856,-0.579283054,0.043669253,0.061186450
8.7816,-0.819693095,-0.568754714,0.038753701,0.055852093
8.8023,-0.825449145,-0.561197931,0.034155991,0.050239019
8.8224,-0.829476791,-0.555951151,0.029912693,0.044629613
8.8435,-0.831685773,-0.553308552,0.025674041,0.038591008
8.8637,-0.832439799,-0.552720967,0.021731842,0.032729806
8.8879,-0.831330814,-0.554922546,0.017112405,0.025636136
8.9084,-0.829122163,-0.558566999,0.013214091,0.019614649
8.9294,-0.826135018,-0.563236344,0.009183067,0.013469396
8.9598,-0.820780289,-0.571215942,0.003234632,0.004647843
8.9799,-0.817011810,-0.576619302,-0.000791298,-0.001121191
9.0045,-0.813969036,-0.580822490,-0.005798146,-0.008125566
9.0257,-0.810777142,-0.585096245,-0.010183046,-0.014110808
9.0469,-0.808951307,-0.587351482,-0.014582395,-0.020084137
9.0677,-0.807816074,-0.588560095,-0.018900635,-0.025941678
9.0888,-0.807196113,-0.588961795,-0.023268624,-0.031890596
9.1114,-0.806911417,-0.588769176,-0.027926990,-0.038274094
9.1322,-0.807060057,-0.587934886,-0.032178794,-0.044171931
9.1534,-0.807398289,-0.586734079,-0.036481522,-0.050201819
9.1744,-0.807858243,-0.585277610,-0.040711417,-0.056193938
9.1959,-0.808220324,-0.583838042,-0.045028339,-0.062333757
9.2197,-0.808465561,-0.582344045,-0.049796124,-0.069131730
9.2398,-0.808641746,-0.581030590,-0.053803819,-0.074880763
9.2605,-0.808578328,-0.579928602,-0.057942299,-0.080787337
9.2809,-0.808246818,-0.579129172,-0.062041748,-0.086586979
9.3022,-0.807609160,-0.578608280,-0.066352510,-0.092613426
9.3232,-0.806729524,-0.578352094,-0.070633663,-0.098525209
9.3439,-0.805640915,-0.578318129,-0.074885760,-0.104321530
9.3646,-0.804331201,-0.578501873,-0.079175147,-0.110082688
9.3850,-0.802921095,-0.578760149,-0.083424446,-0.115735764
9.4061,-0.801404800,-0.579014729,-0.087830701,-0.121565034
9.4281,-0.799987002,-0.578954648,-0.092387554,-0.127659122
9.4491,-0.798794403,-0.578581363,-0.096694080,-0.133496677
9.4692,-0.797788094,-0.577952258,-0.100773360,-0.139104546
9.4896,-0.796898958,-0.577046252,-0.104866131,-0.144819779
9.5105,-0.796022411,-0.575981728,-0.109031003,-0.150683811
9.5313,-0.795190359,-0.574777260,-0.113143351,-0.156531074
9.5517,-0.794278796,-0.573641516,-0.117180361,-0.162250942
9.5735,-0.793211089,-0.572462888,-0.121496953,-0.168347561
9.5937,-0.792106790,-0.571443070,-0.125509015,-0.173974536
9.6139,-0.790875922,-0.570515220,-0.129539995,-0.179574636
9.6341,-0.789537859,-0.569652645,-0.133586104,-0.185150174
9.6545,-0.788058279,-0.568874838,-0.137696107,-0.190749441
9.6753,-0.786453964,-0.568127104,-0.141901182,-0.196432711
9.6982,-0.784610803,-0.567308450,-0.146537164,-0.202666894
9.7187,-0.782922964,-0.566537651,-0.150682297,-0.208234405
9.7390,-0.781273186,-0.565660733,-0.154760590,-0.213750562
9.7599,-0.779581797,-0.564661173,-0.158935779,-0.219429715
9.7802,-0.777967665,-0.563566565,-0.162957816,-0.224952861
9.8005,-0.776353685,-0.562389120,-0.166956183,-0.230475738
9.8220,-0.774647814,-0.561047231,-0.171162174,-0.236326635
9.8432,-0.772939396,-0.559670048,-0.175291653,-0.242088754
9.8636,-0.771233583,-0.558345656,-0.179264405,-0.247614947
9.8837,-0.769518247,-0.557007610,-0.183167118,-0.253049396
9.9039,-0.767729851,-0.555671239,-0.187091305,-0.258490219
9.9243,-0.765825005,-0.554376054,-0.191072893,-0.263951515
9.9445,-0.763881827,-0.553091320,-0.195015733,-0.269338839
9.9654,-0.761809345,-0.551763017,-0.199097127,-0.274889848
9.9860,-0.759737980,-0.550409348,-0.203105575,-0.280349561
10.0067,-0.757592549,-0.549053667,-0.207137059,-0.285810845
10.0269,-0.755480786,-0.547675053,-0.211052027,-0.291132032
10.0471,-0.753331164,-0.546269170,-0.214958108,-0.296437454
10.0679,-0.751090870,-0.544775672,-0.218963751,-0.301888801
10.0885,-0.748869142,-0.543218081,-0.222900354,-0.307285790
10.1091,-0.746604406,-0.541637924,-0.226828289,-0.312664592
10.1296,-0.744349385,-0.539986114,-0.230704219,-0.318016591
10.1530,-0.741725991,-0.538070138,-0.235115254,-0.324104764
10.1753,-0.739164896,-0.536230948,-0.239313158,-0.329880038
10.1962,-0.736734399,-0.534462826,-0.243227789,-0.335279219
10.2164,-0.734311642,-0.532776641,-0.247022023,-0.340463777
10.2369,-0.731807308,-0.531049320,-0.250866050,-0.345703500
10.2576,-0.729232699,-0.529287879,-0.254740572,-0.350971867
10.2784,-0.726599391,-0.527500514,-0.258626819,-0.356242476
10.2987,-0.723998142,-0.525721076,-0.262403771,-0.361370033
10.3247,-0.720608949,-0.523408942,-0.267226673,-0.367907226
10.3475,-0.717596915,-0.521333104,-0.271433066,-0.373618191
10.3689,-0.714737629,-0.519341605,-0.275359961,-0.378960829
10.3898,-0.711904445,-0.517371248,-0.279182724,-0.384156296
10.4106,-0.709083535,-0.515332520,-0.282945853,-0.389325800
10.4316,-0.706193470,-0.513251918,-0.286733083,-0.394521724
10.4520,-0.703335850,-0.511222877,-0.290408153,-0.399540933
10.4722,-0.700470434,-0.509188717,-0.294033569,-0.404490152
10.4931,-0.697456589,-0.507074166,-0.297779696,-0.409581920
10.5134,-0.694495452,-0.504991732,-0.301402388,-0.414506959
10.5338,-0.691490542,-0.502864877,-0.305023384,-0.419438292
10.5539,-0.688485547,-0.500757670,-0.308584953,-0.424269648
10.5741,-0.685447457,-0.498592787,-0.312135920,-0.429113253
10.5952,-0.682228639,-0.496316976,-0.315836728,-0.434143645
10.6155,-0.679080265,-0.494124435,-0.319396456,-0.438949816
10.6357,-0.675931612,-0.491892901,-0.322907463,-0.443721309
10.6558,-0.672771560,-0.489639051,-0.326379849,-0.448450915
10.6759,-0.669577101,-0.487362411,-0.329837730,-0.453157211
10.7080,-0.664390553,-0.483699065,-0.335342957,-0.460614273
10.7302,-0.660768072,-0.481111182,-0.339113877,-0.465746029
10.7511,-0.657327200,-0.478640085,-0.342640118,-0.470555385
10.7720,-0.653823484,-0.476181370,-0.346176144,-0.475319084
10.7928,-0.650317739,-0.473687189,-0.349662046,-0.480045559
10.8131,-0.646857337,-0.471236641,-0.353052982,-0.484628936
10.8371,-0.642722827,-0.468310504,-0.357041620,-0.490014204
10.8573,-0.639224099,-0.465799638,-0.360363047,-0.494531822
10.8773,-0.635712340,-0.463312833,-0.363651837,-0.498967314
10.8993,-0.631821372,-0.460540382,-0.367241480,-0.503823388
10.9196,-0.628204183,-0.457949113,-0.370528299,-0.508282297
10.9407,-0.624408033,-0.455235198,-0.373928733,-0.512886757
10.9608,-0.620769028,-0.452614479,-0.377139656,-0.517253930
10.9809,-0.617088528,-0.449986220,-0.380344918,-0.521585940
11.0079,-0.612110991,-0.446400742,-0.384605124,-0.527375968
11.0280,-0.608373030,-0.443701557,-0.387751302,-0.531657891
11.0486,-0.604504743,-0.440920728,-0.390963685,-0.536013362
11.0692,-0.600612969,-0.438106190,-0.394146656,-0.540347520
11.0898,-0.596675641,-0.435288427,-0.397327462,-0.544640297
11.1103,-0.592737815,-0.432446603,-0.400459075,-0.548893748
11.1311,-0.588712681,-0.429538307,-0.403614043,-0.553181640
11.1513,-0.584753863,-0.426719460,-0.406684053,-0.557298397
11.1723,-0.580614616,-0.423756341,-0.409845679,-0.561554762
11.1937,-0.576365161,-0.420711964,-0.413044627,-0.565861096
11.2139,-0.572331920,-0.417806219,-0.416033582,-0.569903672
11.2350,-0.568082630,-0.414756647,-0.419142283,-0.574089536
11.2558,-0.563865224,-0.411725803,-0.422182887,-0.578186373
11.2760,-0.559743411,-0.408758057,-0.425111664,-0.582137645
11.2962,-0.555593605,-0.405769998,-0.428020055,-0.586059115
11.3162,-0.551462454,-0.402784601,-0.430872103,-0.589917755
11.3398,-0.546564037,-0.399221458,-0.434194724,-0.594445055
11.3603,-0.542272084,-0.396113379,-0.437067249,-0.598337194
11.3831,-0.537458558,-0.392642561,-0.440247411,-0.602621220
11.4075,-0.532273634,-0.388894589,-0.443614156,-0.607167406
11.4278,-0.527926754,-0.385759619,-0.446396973,-0.610911287
11.4485,-0.523481549,-0.382522689,-0.449188642,-0.614713774
11.4723,-0.518312492,-0.378809350,-0.452409120,-0.619016659
11.4945,-0.513472046,-0.375303327,-0.455363806,-0.623006961
11.5146,-0.509071679,-0.372097265,-0.458000962,-0.626597774
11.5350,-0.504563579,-0.368846735,-0.460682342,-0.630190019
11.5559,-0.499933899,-0.365475730,-0.463379171,-0.633855923
11.5851,-0.493418546,-0.360736479,-0.467110151,-0.638917395
11.6148,-0.486718774,-0.355904785,-0.470892030,-0.643969964
11.6352,-0.482101067,-0.352543662,-0.473434731,-0.647418784
11.6560,-0.477356570,-0.349113178,-0.476023315,-0.650885933
11.6762,-0.472745928,-0.345734868,-0.478473920,-0.654248727
11.6971,-0.467932558,-0.342246029,-0.481018844,-0.657668342
11.7176,-0.463189675,-0.338802521,-0.483485700,-0.660991494
11.7384,-0.458358669,-0.335282978,-0.485952697,-0.664336234
11.7591,-0.453521990,-0.331769317,-0.488392349,-0.667622527
11.7794,-0.448755113,-0.328307408,-0.490761799,-0.670809921
11.8103,-0.441452497,-0.323010387,-0.494329072,-0.675590669
11.8305,-0.436652806,-0.319524201,-0.496626443,-0.678675761
11.8510,-0.431765230,-0.315962141,-0.498921095,-0.681780356
11.8715,-0.426847892,-0.312393991,-0.501206956,-0.684837542
11.8921,-0.421878450,-0.308800577,-0.503492475,-0.687863434
11.9122,-0.417021977,-0.305260336,-0.505668097,-0.690802847
11.9340,-0.411728533,-0.301407605,-0.508006719,-0.693946859
11.9546,-0.406701565,-0.297754849,-0.510197036,-0.696875076
11.9751,-0.401669258,-0.294116357,-0.512372176,-0.699737185
11.9984,-0.395938687,-0.289943055,-0.514780027,-0.702970201
12.0199,-0.390618485,-0.286087435,-0.516994675,-0.705894954
12.0401,-0.385601816,-0.282447370,-0.519045190,-0.708609070
12.0609,-0.380417620,-0.278682164,-0.521126756,-0.711368814
12.0841,-0.374611335,-0.274465332,-0.523417965,-0.714400982
12.1131,-0.367326245,-0.269158824,-0.526216243,-0.718137468
12.1356,-0.361638756,-0.265034965,-0.528376160,-0.720966373
12.1559,-0.356495995,-0.261289411,-0.530276832,-0.723494942
12.1767,-0.351212394,-0.257431937,-0.532185215,-0.726056161
12.1979,-0.345812578,-0.253480006,-0.534088953,-0.728636080
12.2186,-0.340521754,-0.249607780,-0.535919675,-0.731116265
12.2388,-0.335330991,-0.245830762,-0.537710680,-0.733476371
12.2591,-0.330104213,-0.242013633,-0.539464924,-0.735824847
12.2800,-0.324706843,-0.238069223,-0.541239488,-0.738206155
12.3001,-0.319495381,-0.234269707,-0.542933197,-0.740448479
12.3208,-0.314119082,-0.230334707,-0.544627234,-0.742735687
12.3416,-0.308696944,-0.226372889,-0.546311737,-0.744986576
12.3624,-0.303260684,-0.222396152,-0.547960880,-0.747202638
12.3848,-0.297383992,-0.218106037,-0.549719670,-0.749533723
12.4179,-0.288677770,-0.211727345,-0.552220644,-0.752920339
12.4386,-0.283191410,-0.207753612,-0.553827066,-0.754928237
12.4594,-0.277682536,-0.203723771,-0.555345309,-0.756954835
12.4832,-0.271356970,-0.199105196,-0.557063449,-0.759211979
12.5112,-0.263895977,-0.193647071,-0.559018488,-0.761812349
12.5320,-0.258344230,-0.189570767,-0.560408740,-0.763716719
12.5528,-0.252776250,-0.185487747,-0.561779304,-0.765573299
12.5782,-0.245952550,-0.180497012,-0.563439565,-0.767765608
12.5985,-0.240483364,-0.176500135,-0.564742692,-0.769468093
12.6190,-0.234949079,-0.172453450,-0.566026832,-0.771150027
12.6401,-0.229243804,-0.168274070,-0.567303166,-0.772850718
12.6608,-0.223630660,-0.164170316,-0.568544584,-0.774464003
12.6817,-0.217953655,-0.160015044,-0.569758713,-0.776058245
12.7032,-0.212099174,-0.155734806,-0.570989430,-0.777644958
12.7257,-0.205958930,-0.151246775,-0.572248449,-0.779254159
12.7465,-0.200270894,-0.147089920,-0.573385456,-0.780695359
12.7677,-0.194464339,-0.142842772,-0.574506796,-0.782126271
12.7892,-0.188565929,-0.138525833,-0.575607800,-0.783536307
12.8227,-0.179359492,-0.131776504,-0.577232189,-0.785664131
12.8435,-0.173626394,-0.127582794,-0.578230463,-0.786909168
12.8639,-0.168000994,-0.123454374,-0.579142478,-0.788117170
12.8849,-0.162203248,-0.119195248,-0.580038345,-0.789327636
12.9173,-0.153238363,-0.112615012,-0.581378244,-0.791097466
12.9376,-0.147610032,-0.108486682,-0.582191341,-0.792145921
12.9600,-0.141393530,-0.103921256,-0.583036433,-0.793269664
12.9861,-0.134138674,-0.098594318,-0.583981527,-0.794513406
13.0064,-0.128486057,-0.094448525,-0.584703386,-0.795419864
13.0273,-0.122661418,-0.090172675,-0.585402950,-0.796320571
13.0476,-0.117002713,-0.086008203,-0.586008669,-0.797186800
13.0676,-0.111415235,-0.081909857,-0.586638152,-0.797955575
13.0880,-0.105713941,-0.077720816,-0.587219875,-0.798722015
13.1083,-0.100033149,-0.073551026,-0.587792141,-0.799427304
13.1311,-0.093648628,-0.068860856,-0.588383399,-0.800183162
13.1517,-0.087874024,-0.064620753,-0.588900232,-0.800811358
13.1730,-0.081899427,-0.060231782,-0.589394981,-0.801422593
13.1940,-0.076004087,-0.055901759,-0.589860256,-0.801974595
13.2228,-0.067912968,-0.049957967,-0.590449808,-0.802658741
13.2450,-0.061673132,-0.045370406,-0.590841879,-0.803146204
13.2659,-0.055794869,-0.041049460,-0.591190210,-0.803552120
13.2862,-0.050082656,-0.036850300,-0.591502720,-0.803901931
13.3077,-0.044030856,-0.032399639,-0.591789238,-0.804236933
13.3296,-0.037864872,-0.027863077,-0.592028619,-0.804544601
13.3504,-0.032006495,-0.023552804,-0.592226308,-0.804791184
13.3713,-0.026118389,-0.019220416,-0.592393288,-0.804996023
13.3918,-0.020341283,-0.014970435,-0.592551076,-0.805136846
13.4133,-0.014281476,-0.010512043,-0.592698248,-0.805229360
13.4349,-0.008193426,-0.006031206,-0.592782567,-0.805298281
13.4572,-0.001907877,-0.001404412,-0.592816504,-0.805334080
13.4781,0.003983005,0.002932229,-0.592848866,-0.805298553
13.4993,0.009957983,0.007331388,-0.592835383,-0.805228724
13.5199,0.015762812,0.011606173,-0.592802949,-0.805109616
13.5407,0.021622697,0.015922645,-0.592747002,-0.804940942
13.5613,0.027425294,0.020196370,-0.592631543,-0.804753263
13.5817,0.033169730,0.024428260,-0.592497511,-0.804518321
13.6021,0.038911735,0.028659911,-0.592346593,-0.804232554
13.6236,0.044960636,0.033118960,-0.592158353,-0.803884420
13.6440,0.050697362,0.037348441,-0.591944660,-0.803515022
13.6641,0.056347265,0.041513951,-0.591697403,-0.803116281
13.6884,0.063176056,0.046544140,-0.591315229,-0.802613686
13.7086,0.068845194,0.050728590,-0.591030185,-0.802103653
13.7289,0.074541630,0.054927616,-0.590666033,-0.801586015
13.7501,0.080484894,0.059312024,-0.590274369,-0.800987163
13.7731,0.086928990,0.064063354,-0.589792453,-0.800302505
13.7959,0.093311599,0.068769104,-0.589273619,-0.799575110
13.8200,0.100049545,0.073741326,-0.588706052,-0.798734931
13.8408,0.105856764,0.078031647,-0.588203064,-0.797948972
13.8610,0.111494068,0.082190304,-0.587651293,-0.797169859
13.8812,0.117120975,0.086351397,-0.587113205,-0.796319156
13.9044,0.123578473,0.091122227,-0.586433632,-0.795311697
13.9250,0.129307101,0.095351184,-0.585780812,-0.794385716
13.9455,0.134999082,0.099557550,-0.585116217,-0.793411970
13.9658,0.140630351,0.103715549,-0.584412772,-0.792419019
13.9876,0.146671140,0.108173228,-0.583613395,-0.791316331
14.0195,0.155494506,0.114685685,-0.582385821,-0.789617254
14.0399,0.161130176,0.118838391,-0.581539750,-0.788496051
14.0609,0.166915993,0.123116627,-0.580684246,-0.787265618
14.0810,0.172445313,0.127205258,-0.579833946,-0.786049637
14.1047,0.178955325,0.132016327,-0.578784175,-0.784573489
14.1253,0.184603143,0.136191709,-0.577841905,-0.783244681
14.1456,0.190161774,0.140295943,-0.576868561,-0.781906779
14.1663,0.195817482,0.144477272,-0.575859464,-0.780491966
14.1876,0.201625382,0.148773303,-0.574793582,-0.778990403
14.2081,0.207206050,0.152898092,-0.573728313,-0.777511189
14.2288,0.212825264,0.157062029,-0.572646827,-0.775959108
14.2490,0.218300592,0.161113925,-0.571547776,-0.774416099
14.2691,0.223736853,0.165139358,-0.570429874,-0.772839292
14.2900,0.229380297,0.169312804,-0.569224126,-0.771169079
14.3136,0.235735690,0.174017585,-0.567835073,-0.769226816
14.3338,0.241157315,0.178042531,-0.566637472,-0.767506340
14.3546,0.246732788,0.182170456,-0.565349699,-0.765713115
14.3754,0.252299095,0.186283295,-0.564014536,-0.763892207
14.3971,0.258090569,0.190565654,-0.562595420,-0.761945131
14.4177,0.263573150,0.194622698,-0.561223423,-0.760052281
14.4385,0.269089443,0.198716618,-0.559829412,-0.758085488
14.4592,0.274571294,0.202771880,-0.558387568,-0.756106800
14.4794,0.279907180,0.206718491,-0.556950557,-0.754138922
14.5006,0.285488311,0.210854542,-0.555425674,-0.752023342
14.5209,0.290820101,0.214801099,-0.553927933,-0.749965334
14.5417,0.296265187,0.218837250,-0.552373019,-0.747810969
14.5619,0.301538740,0.222745185,-0.550832219,-0.745682799
14.5864,0.307912448,0.227472933,-0.548932437,-0.743047218
14.6064,0.313093128,0.231327658,-0.547368697,-0.740842573
14.6307,0.319379263,0.235979039,-0.545391800,-0.738145354
14.6513,0.324690034,0.239909128,-0.543685213,-0.735816813
14.6718,0.329961315,0.243803562,-0.541949250,-0.733468721
14.6928,0.335343974,0.247779373,-0.540140765,-0.731025140
14.7197,0.342206108,0.252861217,-0.537799891,-0.727823784
14.7418,0.347820142,0.257020773,-0.535843131,-0.725143855
14.7619,0.352907903,0.260790835,-0.534035609,-0.722668749
14.7827,0.358156961,0.264675084,-0.532129841,-0.720075360
14.8033,0.363341948,0.268501355,-0.530200824,-0.717479434
14.8234,0.368369959,0.272238809,-0.528326251,-0.714885289
14.8438,0.373459942,0.276010570,-0.526381465,-0.712227766
14.8642,0.378532280,0.279766500,-0.524406013,-0.709536717
14.8844,0.383535495,0.283472050,-0.522424225,-0.706835942
14.9055,0.388734452,0.287336644,-0.520342355,-0.703965207
14.9256,0.393677919,0.290989060,-0.518306259,-0.701214436
14.9465,0.398795698,0.294774045,-0.516166262,-0.698314144
14.9675,0.403907624,0.298573291,-0.514008794,-0.695347094
14.9917,0.409772600,0.302929766,-0.511484419,-0.691884139
15.0127,0.414841460,0.306688184,-0.509256122,-0.688844775
15.0331,0.419736750,0.310333282,-0.507080933,-0.685844911
15.0535,0.424591170,0.313988890,-0.504921361,-0.682779418
15.0742,0.429463784,0.317723850,-0.502767915,-0.679585784
15.0952,0.434380870,0.321500029,-0.500558391,-0.676307836
15.1222,0.440697584,0.326290142,-0.497611092,-0.672088970
15.1427,0.445502091,0.329860616,-0.495270020,-0.668900193
15.1645,0.450631803,0.333577202,-0.492660964,-0.665539183
15.1852,0.455492358,0.337069376,-0.490131882,-0.662330496
15.2062,0.460373090,0.340628946,-0.487592910,-0.659000526
15.2277,0.465284459,0.344335119,-0.485081666,-0.655468897
15.2490,0.470042864,0.348097255,-0.482716822,-0.651822428
15.2728,0.475324045,0.352284573,-0.480043523,-0.647704290
15.2936,0.479902140,0.355937861,-0.477691619,-0.644059696
15.3170,0.485079507,0.359947832,-0.474905157,-0.640000408
15.3399,0.490127466,0.363831583,-0.472120390,-0.636006276
15.3608,0.494665347,0.367411766,-0.469620759,-0.632274569
15.3812,0.499059389,0.370900513,-0.467168171,-0.628590833
15.4064,0.504429926,0.375213842,-0.464135191,-0.623973995
15.4267,0.508663457,0.378753299,-0.461763980,-0.620146315
15.4470,0.512852652,0.382298523,-0.459390484,-0.616271352
15.4673,0.516975908,0.385877703,-0.457047518,-0.612324976
15.4890,0.521333143,0.389710504,-0.454538337,-0.608056229
15.5096,0.525378715,0.393411895,-0.452215955,-0.603908119
15.5298,0.529263241,0.397095427,-0.449985567,-0.599757145
15.5506,0.533171342,0.400951902,-0.447742970,-0.595392413
15.5710,0.536996621,0.404686103,-0.445471519,-0.591116667
15.5924,0.541119008,0.408395784,-0.442844875,-0.586763597
15.6131,0.545150706,0.411865141,-0.440164817,-0.582608571
15.6333,0.549183297,0.415063125,-0.437343460,-0.578663120
15.6539,0.553315616,0.418239369,-0.434374606,-0.574661954
15.6758,0.557694525,0.421569176,-0.431169024,-0.570394179
15.6975,0.562043935,0.424787594,-0.427910314,-0.566175660
15.7193,0.566428835,0.427932374,-0.424549891,-0.561951642
15.7437,0.571251623,0.431483559,-0.420822543,-0.557137244
15.7638,0.575144427,0.434449924,-0.417792579,-0.553092681
15.7888,0.579880868,0.438196233,-0.414076565,-0.547962442
15.8103,0.583849523,0.441482639,-0.410937743,-0.543454677
15.8310,0.587573238,0.444710329,-0.407968858,-0.539028593
15.8512,0.591174496,0.447841007,-0.405047456,-0.534684679
15.8714,0.594788064,0.450893857,-0.402049793,-0.530356345
15.8934,0.598757469,0.454103758,-0.398677956,-0.525675905
15.9230,0.604222404,0.458142116,-0.393894121,-0.519488701
15.9432,0.607962104,0.460807252,-0.390553511,-0.515273434
15.9634,0.611686535,0.463429360,-0.387179290,-0.511043060
15.9837,0.615435418,0.465992397,-0.383731848,-0.506794042
16.0040,0.619138023,0.468551995,-0.380285447,-0.502503846
16.0252,0.622939585,0.471241738,-0.376703203,-0.497968066
16.0462,0.626612970,0.473957824,-0.373198016,-0.493399846
16.0665,0.630053675,0.476662312,-0.369871475,-0.488897227
16.0870,0.633452387,0.479426569,-0.366535771,-0.484293058
16.1090,0.636986271,0.482467608,-0.363008612,-0.479268449
16.1296,0.640224906,0.485336624,-0.359716538,-0.474514956
16.1515,0.643655793,0.488326771,-0.356166157,-0.469456977
16.1729,0.647078517,0.491080120,-0.352569994,-0.464568733
16.1938,0.650643398,0.493403596,-0.348796973,-0.459952967
16.2161,0.654596865,0.495604927,-0.344583580,-0.455127298
16.2366,0.658356311,0.497389151,-0.340556362,-0.450768638
16.2572,0.662211584,0.499006785,-0.336405287,-0.446429758
16.2783,0.666178102,0.500563494,-0.332104618,-0.441983538
16.3025,0.670539888,0.502502780,-0.327295621,-0.436743393
16.3241,0.674103075,0.504588105,-0.323247376,-0.431841433
16.3449,0.677151547,0.507031358,-0.319630658,-0.426873784
16.3662,0.679898744,0.509955622,-0.316186316,-0.421555661
16.3881,0.682473621,0.513211476,-0.312784665,-0.415944096
16.4131,0.685398859,0.516842464,-0.308828149,-0.409545414
16.4338,0.687572652,0.520092951,-0.305678938,-0.404113298
16.4543,0.689893441,0.523013602,-0.302367730,-0.398845293
16.4753,0.692405487,0.525750105,-0.298815705,-0.393536076
16.4960,0.695265635,0.527865409,-0.294978837,-0.388524508
16.5218,0.699522629,0.529482525,-0.289639561,-0.382655551
16.5435,0.703781099,0.529849062,-0.284633178,-0.378068897
16.5637,0.708248435,0.529432771,-0.279604442,-0.374040708
16.5838,0.713080489,0.528406220,-0.274325701,-0.370200611
16.6045,0.718399399,0.526777297,-0.268652972,-0.366378989
16.6248,0.723888706,0.524688987,-0.262907274,-0.362720794
16.6449,0.728639438,0.523453290,-0.257697163,-0.358710739
16.6652,0.734077833,0.521199080,-0.252002724,-0.354930813
16.6853,0.741011453,0.516627254,-0.245323243,-0.351873292
16.7059,0.747568187,0.512540705,-0.238869390,-0.348403854
16.7268,0.754119762,0.508356731,-0.232408422,-0.344765346
16.7481,0.760773129,0.503933424,-0.225859535,-0.340973344
16.7688,0.766972158,0.499851254,-0.219695006,-0.337100190
16.7891,0.772632508,0.496323136,-0.213949775,-0.333058323
16.8103,0.778338797,0.492791017,-0.208104978,-0.328691419
16.8357,0.784541995,0.489351366,-0.201545317,-0.323123171
16.8566,0.791499036,0.483335984,-0.194944806,-0.319236786
16.8773,0.797419182,0.478743869,-0.189071555,-0.314926821
16.8976,0.802704328,0.474927939,-0.183674718,-0.310439708
16.9279,0.809879690,0.470146214,-0.176116999,-0.303381324
16.9483,0.814788205,0.466599613,-0.170999483,-0.298603681
16.9685,0.819245115,0.463640610,-0.166206421,-0.293683934
16.9891,0.823227164,0.461478676,-0.161686165,-0.288430323
17.0115,0.827890260,0.458375481,-0.156575094,-0.282796529
17.0320,0.832070748,0.455540709,-0.151965765,-0.277574024
17.0531,0.836592721,0.452063816,-0.147104920,-0.272233479
17.0769,0.841280158,0.448712230,-0.141891780,-0.266029608
17.0973,0.846452537,0.443482034,-0.136762615,-0.261032135
17.1225,0.850650593,0.440970233,-0.131740201,-0.254132528
17.1434,0.856131379,0.434819446,-0.126445551,-0.248963117
17.1635,0.860078101,0.431306345,-0.122139796,-0.243561832
17.1836,0.864054417,0.427569694,-0.117838845,-0.238134684
17.2043,0.867818068,0.424221661,-0.113615721,-0.232420418
17.2254,0.870507316,0.423004542,-0.109948332,-0.226264301
17.2459,0.875338462,0.417069727,-0.105216996,-0.220827543
17.2667,0.878984575,0.413469786,-0.101113015,-0.214953507
17.2875,0.882765683,0.409400134,-0.096964659,-0.209079251
17.3076,0.886437080,0.405245750,-0.092974825,-0.203373711
17.3301,0.889792978,0.402044886,-0.088913669,-0.196780909
17.3506,0.894267314,0.395773198,-0.084552746,-0.191050727
17.3756,0.898588976,0.390376387,-0.079834672,-0.183767663
17.3984,0.902508128,0.385239081,-0.075586432,-0.177078008
17.4186,0.905805466,0.380882761,-0.071939011,-0.171083483
17.4387,0.907388491,0.380422295,-0.069083914,-0.164779903
17.4594,0.912407716,0.371598271,-0.064704085,-0.158871854
17.4849,0.916349216,0.365812462,-0.060337896,-0.151144616
17.5054,0.919620086,0.360650708,-0.056831541,-0.144914248
17.5406,0.922562789,0.358178485,-0.051928181,-0.133751774
17.5607,0.927152189,0.348931358,-0.048083717,-0.127764164
17.5817,0.929693082,0.344921601,-0.044950424,-0.121158252
17.6025,0.932275859,0.340553019,-0.041862107,-0.114598990
17.6228,0.934789712,0.336087094,-0.038891243,-0.108171763
17.6437,0.936910576,0.332570805,-0.036021054,-0.101477658
17.6643,0.939640597,0.327067616,-0.033040988,-0.094924267
17.6851,0.941659030,0.323388282,-0.030292722,-0.088207942
17.7053,0.943260438,0.320663861,-0.027752005,-0.081634919
17.7260,0.944907556,0.317660582,-0.025174810,-0.074884547
17.7474,0.946550032,0.314524868,-0.022557081,-0.067884634
17.7678,0.948334775,0.310664468,-0.020051766,-0.061210047
17.7886,0.950005424,0.306959667,-0.017569666,-0.054376128
17.8157,0.951568527,0.303718109,-0.014495421,-0.045415092
17.8363,0.953581070,0.298404724,-0.012086128,-0.038622388
17.8565,0.955240119,0.293939584,-0.009824277,-0.031926776
17.8789,0.956855633,0.289436689,-0.007402617,-0.024472489
17.8991,0.958307511,0.285139421,-0.005275786,-0.017731064
17.9203,0.959879742,0.280192991,-0.003104751,-0.010636195
17.9494,0.961657921,0.274250326,-0.000245543,-0.000860997
17.9734,0.962959235,0.269542561,0.002022861,0.007226808
17.9937,0.964217861,0.264708312,0.003867563,0.014087858
18.0184,0.965181128,0.260546941,0.006060027,0.022449022
18.0394,0.966190589,0.256006630,0.007837439,0.029579155
18.0604,0.967092636,0.251578948,0.009553190,0.036723343
18.0816,0.967901553,0.247202618,0.011224443,0.043948384
18.1079,0.968813325,0.241712143,0.013205682,0.052930070
18.1283,0.969473946,0.237309468,0.014665290,0.059911711
18.1630,0.970327891,0.230255756,0.017038759,0.071803561
18.1842,0.970716728,0.226089324,0.018418168,0.079078586
18.2101,0.970999910,0.221400765,0.020058094,0.087969018
18.2399,0.971024233,0.216771167,0.021920384,0.098192137
18.2600,0.970864032,0.214112105,0.023174292,0.105080874
18.2822,0.970365514,0.212344880,0.024653695,0.112661512
18.3045,0.970163748,0.208888507,0.025906287,0.120319403
18.3262,0.969741026,0.206260149,0.027172500,0.127752687
18.3473,0.969480261,0.202691267,0.028226690,0.135009361
18.3676,0.969273315,0.198734061,0.029116460,0.142007907
18.3883,0.969119399,0.194074871,0.029871648,0.149165078
18.4091,0.968922295,0.189228468,0.030537516,0.156363788
18.4298,0.968750956,0.183876695,0.031042355,0.163546074
18.4508,0.968551018,0.178140711,0.031422356,0.170843342
18.4718,0.968159655,0.172993383,0.031827197,0.178121312
18.4921,0.967725410,0.167903239,0.032125693,0.185159317
18.5152,0.966955108,0.163207123,0.032597143,0.193128663
18.5365,0.966265714,0.158285761,0.032843156,0.200493179
18.5574,0.965280287,0.154914395,0.033327427,0.207665067
18.5779,0.964052629,0.152871183,0.034037268,0.214649468
18.5990,0.962859015,0.149956825,0.034552647,0.221859374
18.6192,0.961566513,0.147769037,0.035150551,0.228732575
18.6409,0.960042912,0.145918764,0.035883517,0.236088321
18.6612,0.958744317,0.142983374,0.036240893,0.243005531
18.6822,0.957332141,0.140006077,0.036583486,0.250150193
18.7036,0.955915270,0.136380533,0.036729528,0.257443757
18.7239,0.954502010,0.132995746,0.036833377,0.264350804
18.7450,0.952996591,0.129281267,0.036834747,0.271527260
18.7657,0.951565218,0.124807109,0.036539643,0.278588722
18.7889,0.949796916,0.120434426,0.036323761,0.286464573
18.8092,0.948186387,0.116579718,0.036066756,0.293344395
18.8295,0.946510137,0.112752246,0.035762370,0.300210834
18.8505,0.944595581,0.109787995,0.035712387,0.307262770
18.8714,0.942734815,0.105917929,0.035312343,0.314301604
18.8915,0.940727858,0.103622171,0.035358884,0.321003572
18.9127,0.938634345,0.100463515,0.035115421,0.328084677
18.9336,0.936506753,0.097384871,0.034840797,0.335048365
18.9541,0.934299006,0.094989950,0.034754759,0.341839705
18.9750,0.931993692,0.092541545,0.034628576,0.348747304
18.9953,0.929692199,0.090257819,0.034507051,0.355436638
19.0160,0.927280236,0.088052226,0.034397042,0.362236129
19.0416,0.924200819,0.085571202,0.034314702,0.370611545
19.0623,0.921639602,0.083705479,0.034272562,0.377358223
19.0825,0.919051384,0.082322272,0.034387794,0.383907642
19.1026,0.916413269,0.081119499,0.034557605,0.390399948
19.1230,0.913667524,0.080132394,0.034815146,0.396961410
19.1439,0.910799573,0.079185696,0.035094626,0.403660911
19.1648,0.907878833,0.078275634,0.035378587,0.410338038
19.1851,0.904996306,0.077372346,0.035634495,0.416803778
19.2052,0.902081492,0.076652935,0.035958940,0.423178762
19.2256,0.899057322,0.076154943,0.036390975,0.429618498
19.2509,0.895227803,0.075712538,0.037006608,0.437567485
19.2714,0.892063960,0.075459857,0.037556255,0.443978861
19.2918,0.888861382,0.075306136,0.038153026,0.450331851
19.3123,0.885587012,0.075270803,0.038816305,0.456687250
19.3332,0.882192902,0.075334372,0.039549362,0.463137413
19.3536,0.878823823,0.075514834,0.040334480,0.469403162
19.3738,0.875437457,0.075758756,0.041155799,0.475579721
19.3944,0.871930239,0.076099234,0.042054172,0.481848536
19.4147,0.868410577,0.076643540,0.043068633,0.487989683
19.4392,0.864152505,0.076741990,0.043994034,0.495394428
19.4601,0.860340118,0.078259234,0.045627646,0.501605912
19.4808,0.856566890,0.079197440,0.046946755,0.507756763
19.5022,0.852610217,0.080232825,0.048376257,0.514080003
19.5225,0.848783616,0.081492340,0.049928584,0.520031258
19.5428,0.844927866,0.082575683,0.051402805,0.525961890
19.5633,0.840986678,0.083682214,0.052928444,0.531918484
19.5836,0.837053447,0.084627761,0.054372128,0.537794888
19.6038,0.833077859,0.085736083,0.055944499,0.543599869
19.6242,0.829027114,0.086762699,0.057501790,0.549435912
19.6445,0.824945884,0.087835097,0.059114971,0.555206903
19.6653,0.820719462,0.088917359,0.060788527,0.561086467
19.6855,0.816552459,0.090128036,0.062555788,0.566750202
19.7056,0.812374439,0.091219304,0.064268775,0.572360318
19.7266,0.807965728,0.092333201,0.066074400,0.578186938
19.7477,0.803504400,0.093313278,0.067823321,0.584014819
19.7681,0.799099174,0.094658818,0.069839630,0.589578362
19.7919,0.793949785,0.095834550,0.071947598,0.596056223
19.8131,0.789306883,0.096927284,0.073898841,0.601779617
19.8334,0.784843923,0.097753305,0.075632876,0.607242930
19.8539,0.780304380,0.098503420,0.077349424,0.612730950
19.8740,0.775835831,0.099049685,0.078911124,0.618094619
19.8945,0.771255624,0.099458292,0.080409937,0.623543946
19.9155,0.766555593,0.099607846,0.081748759,0.629116794
19.9358,0.762004926,0.099496666,0.082847545,0.634496013
19.9561,0.757438704,0.099202976,0.083803657,0.639861177
19.9762,0.752906291,0.098704928,0.084579977,0.645163299
19.9976,0.748001327,0.098461633,0.085658771,0.650739500
20.0183,0.743174679,0.098538278,0.086987658,0.656060021
20.0389,0.738321913,0.098684339,0.088390733,0.661308726
20.0598,0.733340781,0.098958028,0.089949120,0.666579150
20.0799,0.728500987,0.099298098,0.091542193,0.671599752
20.1009,0.723379119,0.099832868,0.093401867,0.676780718
20.1231,0.717929446,0.100323469,0.095333423,0.682219943
20.1443,0.712691845,0.100721754,0.097144249,0.687377958
20.1648,0.707612550,0.100931215,0.098753863,0.692347487
20.1853,0.702487240,0.101193664,0.100441859,0.697268207
20.2057,0.697348131,0.101459887,0.102154521,0.702122446
20.2267,0.691999235,0.101864712,0.104081076,0.707055704
20.2471,0.686762145,0.102274600,0.106003486,0.711801182
20.2678,0.681414263,0.102658283,0.107955597,0.716576212
20.2900,0.675622726,0.103156129,0.110180981,0.721632106
20.3115,0.669967939,0.103660841,0.112403571,0.726472868
20.3324,0.664437709,0.104108762,0.114559536,0.731136109
20.3536,0.658800868,0.104483484,0.116700024,0.735829955
20.3745,0.653186773,0.104967365,0.118980436,0.740386756
20.3965,0.647272040,0.105250859,0.121169815,0.745170477
20.4172,0.641650730,0.105626951,0.123397317,0.749600153
20.4381,0.635955641,0.105897100,0.125560584,0.754042948
20.4582,0.630420030,0.106295422,0.127847107,0.758239399
20.4788,0.624710672,0.106703516,0.130236687,0.762488912
20.4990,0.619062421,0.107186587,0.132729499,0.766587004
20.5194,0.613317281,0.107704053,0.135335894,0.770665910
20.5405,0.607430629,0.107713746,0.137418778,0.774946359
20.5608,0.601686960,0.107981428,0.139794670,0.778954597
20.5815,0.595731693,0.108602243,0.142723925,0.782904326
20.6020,0.589762254,0.109406589,0.145942171,0.786709326
20.6236,0.583437607,0.110224806,0.149373343,0.790657104
20.6460,0.576872866,0.110877296,0.152749792,0.794727263
20.6664,0.570836617,0.111575235,0.156042898,0.798340239
20.6867,0.564815234,0.112163260,0.159244584,0.801900441
20.7074,0.558673521,0.112592026,0.162338940,0.805514122
20.7278,0.552553865,0.113172791,0.165690137,0.808964105
20.7491,0.546157732,0.113629811,0.169051512,0.812540205
20.7701,0.539749762,0.114389678,0.172913586,0.815895880
20.7935,0.532588531,0.115123446,0.177158959,0.819579619
20.8148,0.525858901,0.116562780,0.182334717,0.822581051
20.8354,0.519349232,0.117766405,0.187177677,0.825452583
20.8561,0.512764478,0.118982569,0.192185781,0.828239316
20.8778,0.505845557,0.120133485,0.197378686,0.831101602
20.8988,0.499042579,0.121510450,0.202985435,0.833659779
20.9189,0.492473600,0.122886064,0.208599481,0.835975493
20.9415,0.484994917,0.124592300,0.215373290,0.838374043
20.9624,0.477971770,0.126380194,0.222198095,0.840356496
20.9832,0.470921246,0.128188772,0.229245369,0.842168261
21.0034,0.464067389,0.129783003,0.235997891,0.843861853
21.0252,0.456684439,0.131261454,0.243060250,0.845654462
21.0476,0.448921149,0.133184907,0.251314673,0.847096522
21.0677,0.441841463,0.135096297,0.259314227,0.848104500
21.0903,0.433807723,0.137257002,0.268626013,0.849006148
21.1113,0.425852450,0.140549112,0.280131783,0.848776662
21.1372,0.415203118,0.146605969,0.298934027,0.846611781
21.1579,0.406113172,0.152521724,0.316781285,0.843480191
21.1780,0.396950954,0.158594690,0.335411260,0.839509947
21.1982,0.387361476,0.165048703,0.355544039,0.834444994
21.2185,0.377442477,0.171560352,0.376553618,0.828439253
21.2388,0.367411253,0.177698591,0.397487586,0.821849013
21.2590,0.357250008,0.183590136,0.418584042,0.814527160
21.2793,0.347015830,0.188998083,0.439374736,0.806727698
21.3000,0.335914156,0.195137206,0.462856461,0.796772896
21.3201,0.324607173,0.201358323,0.487158382,0.785341785
21.3403,0.312817849,0.207614614,0.512529371,0.772240124
21.3609,0.299502387,0.215120383,0.542261524,0.754966211
21.3812,0.285945011,0.222216439,0.571971709,0.736005210
21.4028,0.272794657,0.227302089,0.598425277,0.718194975
21.4264,0.263830458,0.225929641,0.609942610,0.712263504
21.4465,0.259681388,0.220615329,0.608708555,0.716497277
21.4674,0.257013272,0.213082685,0.601626584,0.725662043
21.4880,0.254418995,0.205508088,0.593810357,0.735137171
21.5087,0.251656447,0.197976494,0.585744695,0.744565304
21.5298,0.248445328,0.190692892,0.578237878,0.753360536
21.5509,0.245212297,0.183332123,0.570037161,0.762442061
21.5734,0.241525990,0.175684119,0.561387004,0.771780356
21.5935,0.238106626,0.168924151,0.553415201,0.780065050
21.6136,0.234179145,0.162796633,0.547095493,0.786984057
21.6393,0.228663469,0.155582502,0.540592874,0.794522779
21.6598,0.224112583,0.149987252,0.535580065,0.800269560
21.6806,0.218922113,0.145121281,0.533120130,0.804236190
21.7037,0.212521490,0.140642237,0.533653370,0.806392248
21.7261,0.205807905,0.137034025,0.537012267,0.806525020
21.7464,0.199466205,0.134121145,0.541631104,0.805518776
21.7700,0.191724585,0.131236509,0.549392467,0.802612347
21.7906,0.184806588,0.128902004,0.557372339,0.799103795
21.8151,0.176738677,0.125833215,0.566175396,0.795220010
21.8359,0.169930553,0.123120431,0.573656543,0.791759520
21.8576,0.163236396,0.119687249,0.579061374,0.789757410
21.8780,0.157194062,0.116092404,0.582624676,0.788898642
21.8982,0.151401498,0.112255878,0.584918243,0.788889633
21.9191,0.145536072,0.108096450,0.586386720,0.789484024
21.9445,0.138527027,0.102858807,0.587207893,0.790833244
21.9654,0.132821635,0.098448500,0.587275492,0.792321779
21.9858,0.127297330,0.094068945,0.586815775,0.794099282
22.0066,0.121694324,0.089548463,0.585875678,0.796191719
22.0269,0.116216967,0.085134924,0.584788913,0.798290416
22.0485,0.110350235,0.080476741,0.583712866,0.800390910
22.0690,0.104745675,0.076092691,0.582790674,0.802242654
22.0891,0.099198994,0.071853621,0.582198964,0.803766747
22.1092,0.093606697,0.067666748,0.581921781,0.805000645
22.1297,0.087844704,0.063467306,0.582186289,0.805800430
22.1498,0.082149137,0.059404242,0.582953287,0.806156387
22.1708,0.076174900,0.055182573,0.584058251,0.806243281
22.1918,0.070187834,0.050969932,0.585385460,0.806101480
22.2121,0.064401098,0.046888869,0.586725543,0.805857971
22.2329,0.058480321,0.042688218,0.588042322,0.805583016
22.2533,0.052684583,0.038546579,0.589219396,0.805331608
22.2734,0.046995868,0.034430553,0.589990529,0.805305595
22.2938,0.041235197,0.030230305,0.590477901,0.805432577
22.3148,0.035315747,0.025887328,0.590634924,0.805749980
22.3463,0.026435785,0.019366852,0.590661415,0.806253786
22.3666,0.020718031,0.015154368,0.590184360,0.806860291
22.3867,0.015046443,0.010994980,0.589896722,0.807263632
22.4092,0.008693216,0.006343236,0.589406869,0.807764652
22.4400,-0.000014791,-0.000010780,0.588993269,0.808137939
22.4619,-0.006209852,-0.004524452,0.588851759,0.808204537
22.4830,-0.012177297,-0.008874109,0.588881273,0.808079087
22.5039,-0.018085581,-0.013184848,0.588950072,0.807859446
22.5241,-0.023795002,-0.017350628,0.588918964,0.807655377
22.5446,-0.029584931,-0.021581692,0.588943484,0.807344124
22.5655,-0.035487937,-0.025891771,0.588828316,0.807063465
22.5856,-0.041163070,-0.030035669,0.588674547,0.806762504
22.6059,-0.046890810,-0.034221769,0.588521587,0.806394732
22.6327,-0.054445518,-0.039750335,0.588319569,0.805813676
22.6530,-0.060160980,-0.043940787,0.588176211,0.805294113
22.6745,-0.066215206,-0.048370866,0.587893518,0.804771407
22.6955,-0.072126201,-0.052693541,0.587555806,0.804238383
22.7157,-0.077815479,-0.056839150,0.587095636,0.803761642
22.7358,-0.083472777,-0.060961273,0.586617465,0.803240915
22.7563,-0.089239798,-0.065160587,0.586092122,0.802674517
22.7766,-0.094939084,-0.069324979,0.585630466,0.802008463
22.7971,-0.100685596,-0.073532427,0.585176728,0.801263745
22.8187,-0.106730421,-0.077967634,0.584704692,0.800406202
22.8408,-0.112909949,-0.082499372,0.584165063,0.799497577
22.8610,-0.118544865,-0.086647396,0.583702403,0.798580521
22.8812,-0.124180456,-0.090782053,0.583139962,0.797675133
22.9018,-0.129921807,-0.094993183,0.582525893,0.796718397
22.9226,-0.135711807,-0.099240393,0.581871691,0.795712878
22.9438,-0.141604032,-0.103566391,0.581182416,0.794637842
22.9646,-0.147372645,-0.107811697,0.580505166,0.793518553
22.9848,-0.152972357,-0.111922354,0.579776151,0.792421895
23.0050,-0.158567876,-0.116022695,0.578991093,0.791305426
23.0255,-0.164234950,-0.120182665,0.578185797,0.790116569
23.0463,-0.169975136,-0.124398894,0.577343050,0.788865243
23.0665,-0.175538929,-0.128490131,0.576505488,0.787602560
23.0866,-0.181067193,-0.132553670,0.575635342,0.786313010
23.1071,-0.186693953,-0.136694618,0.574729048,0.784949980
23.1279,-0.192387005,-0.140897291,0.573809637,0.783503474
23.1502,-0.198485545,-0.145386263,0.572750470,0.781935562
23.1704,-0.203996046,-0.149449391,0.571775031,0.780463841
23.1915,-0.209743038,-0.153683037,0.570712181,0.778894723
23.2125,-0.215451839,-0.157887666,0.569618085,0.777294814
23.2328,-0.220961161,-0.161941611,0.568519826,0.775716628
23.2533,-0.226516541,-0.166022852,0.567364891,0.774095439
23.2734,-0.231950240,-0.170018803,0.566211884,0.772461517
23.2949,-0.237752923,-0.174279487,0.564931936,0.770682889
23.3156,-0.243324778,-0.178375237,0.563677953,0.768922944
23.3404,-0.249978920,-0.183276027,0.562153937,0.766748582
23.3610,-0.255495522,-0.187331239,0.560838621,0.764911163
23.3816,-0.261005033,-0.191368403,0.559468730,0.763052585
23.4031,-0.266743856,-0.195567150,0.557996245,0.761079100
23.4238,-0.272239671,-0.199619865,0.556607127,0.759095499
23.4447,-0.277757215,-0.203724128,0.555235750,0.757007709
23.4678,-0.283827019,-0.208262959,0.553720676,0.754627177
23.4880,-0.289118434,-0.212222489,0.552364461,0.752506245
23.5089,-0.294597306,-0.216281747,0.550859495,0.750325563
23.5303,-0.300197574,-0.220417031,0.549262627,0.748069727
23.5513,-0.305678498,-0.224460641,0.547658337,0.745820636
23.5729,-0.311301732,-0.228603179,0.545966542,0.743473169
23.5936,-0.316674492,-0.232560130,0.544313464,0.741185473
23.6143,-0.322026585,-0.236510511,0.542643937,0.738849927
23.6357,-0.327539933,-0.240583958,0.540892615,0.736391289
23.6558,-0.332688380,-0.244415648,0.539258491,0.734016153
23.6773,-0.338189832,-0.248483748,0.537441027,0.731464700
23.6974,-0.343316016,-0.252273723,0.535712117,0.729043627
23.7205,-0.349178930,-0.256624114,0.533712022,0.726202187
23.7408,-0.354302672,-0.260446407,0.531950411,0.723647736
23.7614,-0.359491104,-0.264301961,0.530112890,0.721034634
23.7833,-0.364983550,-0.268389632,0.528134773,0.718211442
23.8039,-0.370119324,-0.272235387,0.526272759,0.715497423
23.8264,-0.375729981,-0.276387987,0.524144341,0.712537277
23.8469,-0.380807829,-0.280175507,0.522210946,0.709776592
23.8673,-0.385851715,-0.283916078,0.520232386,0.707013705
23.8889,-0.391163808,-0.287870584,0.518124587,0.704037154
23.9095,-0.396210639,-0.291624695,0.516081475,0.701164801
23.9300,-0.401217840,-0.295338238,0.514007495,0.698280649
23.9539,-0.407038846,-0.299635704,0.511532981,0.694889799
23.9747,-0.412072809,-0.303370770,0.509370086,0.691884594
23.9950,-0.416962915,-0.307002882,0.507236076,0.688914161
24.0160,-0.421995851,-0.310748872,0.505008426,0.685799628
24.0391,-0.427523699,-0.314825793,0.502486079,0.682360570
24.0594,-0.432339346,-0.318417394,0.500282825,0.679271778
24.0804,-0.437294445,-0.322120973,0.497983226,0.676035764
24.1012,-0.442190964,-0.325755838,0.495652620,0.672814065
24.1217,-0.446994036,-0.329321275,0.493328886,0.669604689
24.1539,-0.454491501,-0.334887840,0.489626765,0.664494726
24.1743,-0.459210205,-0.338394453,0.487250898,0.661212329
24.1955,-0.464081018,-0.342031276,0.484770253,0.657754679
24.2156,-0.468668790,-0.345471200,0.482405187,0.654434451
24.2364,-0.473402919,-0.348997865,0.479910360,0.650980962
24.2578,-0.478254052,-0.352598009,0.477303836,0.647401540
24.2780,-0.482772283,-0.356027328,0.474883916,0.643941559
24.2982,-0.487309713,-0.359380086,0.472360543,0.640508169
24.3184,-0.491818612,-0.362720539,0.469820726,0.637037478
24.3397,-0.496545724,-0.366224220,0.467117974,0.633342690
24.3601,-0.501036025,-0.369575845,0.464523699,0.629757357
24.3805,-0.505499844,-0.372910013,0.461906435,0.626139342
24.4007,-0.509896911,-0.376189486,0.459286687,0.622528996
24.4212,-0.514324219,-0.379510606,0.456618399,0.618823025
24.4448,-0.519403398,-0.383289245,0.453491683,0.614536214
24.4653,-0.523765881,-0.386578397,0.450782708,0.610754776
24.4867,-0.528299150,-0.389979841,0.447915925,0.606784192
24.5078,-0.532744535,-0.393305868,0.445056348,0.602842104
24.5340,-0.538244931,-0.397377495,0.441438890,0.597925770
24.5583,-0.543292229,-0.401142659,0.438070698,0.593306148
24.5792,-0.547579532,-0.404387961,0.435180217,0.589275158
24.5997,-0.551770372,-0.407531269,0.432300732,0.585306585
24.6213,-0.556152594,-0.410824188,0.429245503,0.581090420
24.6599,-0.563896500,-0.416660916,0.423732841,0.573467433
24.6804,-0.567983017,-0.419708780,0.420750811,0.569393175
24.7011,-0.572064915,-0.422784515,0.417736990,0.565235166
24.7219,-0.576147932,-0.425837052,0.414670092,0.561039286
24.7423,-0.580119911,-0.428812709,0.411643885,0.556893043
24.7623,-0.583989268,-0.431703594,0.408650917,0.552804640
24.7843,-0.588217094,-0.434852753,0.405329097,0.548281002
24.8049,-0.592139229,-0.437785046,0.402202752,0.544011336
24.8252,-0.595964824,-0.440664896,0.399112325,0.539768219
24.8460,-0.599873498,-0.443565552,0.395899793,0.535410815
24.8692,-0.604180553,-0.446793549,0.392309560,0.530504093
24.8896,-0.607928951,-0.449615563,0.389137521,0.526156085
24.9096,-0.611564000,-0.452373349,0.386018924,0.521859384
24.9298,-0.615213964,-0.455123894,0.382838608,0.517502290
24.9500,-0.618845316,-0.457835369,0.379624772,0.513129888
24.9701,-0.622410123,-0.460534888,0.376427368,0.508739317
24.9908,-0.626050056,-0.463289874,0.373113066,0.504192880
25.0115,-0.629677927,-0.465992432,0.369755928,0.499637183
25.0316,-0.633176057,-0.468583785,0.366469826,0.495194087
25.0517,-0.636635395,-0.471161935,0.363173311,0.490720848
25.0719,-0.640052474,-0.473766929,0.359870482,0.486179971
25.0923,-0.643499149,-0.476335544,0.356487039,0.481591410
25.1127,-0.646907915,-0.478886769,0.353090257,0.476974719
25.1334,-0.650326418,-0.481459556,0.349631272,0.472260754
25.1536,-0.653614392,-0.483966170,0.346252105,0.467626402
25.1739,-0.656899963,-0.486441561,0.342824222,0.462956369
25.1947,-0.660245186,-0.488934794,0.339281051,0.458156556
25.2149,-0.663451963,-0.491342695,0.335830471,0.453466364
25.2374,-0.666985989,-0.493994192,0.331965673,0.448216712
25.2585,-0.670258363,-0.496458592,0.328325906,0.443265939
25.2799,-0.673541303,-0.498928489,0.324614323,0.438221426
25.3003,-0.676623271,-0.501273656,0.321069439,0.433382149
25.3205,-0.679665076,-0.503538189,0.317521925,0.428584302
25.3407,-0.682659620,-0.505795488,0.313969533,0.423756888
25.3649,-0.686206557,-0.508460585,0.309688830,0.417948829
25.3851,-0.689125120,-0.510663220,0.306101802,0.413075454
25.4058,-0.692065721,-0.512913404,0.302421114,0.408051894
25.4263,-0.694963959,-0.515085817,0.298742363,0.403069097
25.4472,-0.697875736,-0.517281679,0.294980441,0.397964398
25.4724,-0.701340462,-0.519887747,0.290420254,0.391783566
25.4950,-0.704390147,-0.522205559,0.286319134,0.386208789
25.5156,-0.707141292,-0.524276702,0.282557583,0.381111985
25.5377,-0.710062493,-0.526454012,0.278497829,0.375627991
25.5625,-0.713277702,-0.528876415,0.273930659,0.369440998
25.5832,-0.715911003,-0.530880256,0.270108645,0.364251164
25.6039,-0.718513053,-0.532847695,0.266267586,0.359045818
25.6259,-0.721247956,-0.534893453,0.262162390,0.353498602
25.6461,-0.723701042,-0.536771452,0.258392411,0.348377054
25.6662,-0.726107169,-0.538612074,0.254626914,0.343264543
25.6872,-0.728579387,-0.540510973,0.250680753,0.337904017
25.7073,-0.730908220,-0.542301955,0.246890649,0.332756324
25.7276,-0.733256349,-0.544039203,0.243029982,0.327555949
25.7479,-0.735564171,-0.545753481,0.239159016,0.322337483
25.7682,-0.737815241,-0.547466596,0.235287349,0.317094401
25.7892,-0.740109151,-0.549203753,0.231266687,0.311655903
25.8104,-0.742395974,-0.550911758,0.227188171,0.306153537
25.8305,-0.744517862,-0.552514564,0.223314293,0.300917823
25.8522,-0.746763933,-0.554218789,0.219121096,0.295247535
25.8737,-0.748964518,-0.555851977,0.214944414,0.289619802
25.8965,-0.751226995,-0.557582949,0.210514547,0.283624546
25.9166,-0.753182720,-0.559078380,0.206597196,0.278324906
25.9379,-0.755217588,-0.560628704,0.202432877,0.272695400
25.9585,-0.757138085,-0.562108686,0.198397861,0.267234043
25.9792,-0.759039552,-0.563551183,0.194327069,0.261736531
26.0007,-0.760969377,-0.565022103,0.190089129,0.256011235
26.0209,-0.762742552,-0.566375865,0.186097576,0.250618978
26.0414,-0.764492355,-0.567735216,0.182041492,0.245130697
26.0631,-0.766307712,-0.569134196,0.177734586,0.239309789
26.0839,-0.767997217,-0.570456582,0.173599851,0.233714899
26.1050,-0.769690772,-0.571738501,0.169386902,0.228033506
26.1258,-0.771306935,-0.572988105,0.165229341,0.222417421
26.1465,-0.772888570,-0.574182957,0.161077342,0.216820849
26.1672,-0.774423573,-0.575355831,0.156918913,0.211211391
26.1873,-0.775878204,-0.576461766,0.152871721,0.205754906
26.2076,-0.777288234,-0.577576768,0.148783337,0.200228860
26.2278,-0.778656643,-0.578651597,0.144705529,0.194721524
26.2480,-0.779991595,-0.579690145,0.140618142,0.189206198
26.2684,-0.781304901,-0.580703240,0.136481204,0.183628101
26.2916,-0.782751912,-0.581816904,0.131767008,0.177273772
26.3122,-0.783993924,-0.582773016,0.127573395,0.171622164
26.3325,-0.785178230,-0.583685270,0.123433924,0.166044330
26.3536,-0.786360600,-0.584611101,0.119126225,0.160236728
26.3739,-0.787455207,-0.585475025,0.114975952,0.154640947
26.3947,-0.788540667,-0.586322672,0.110715648,0.148900589
26.4149,-0.789568043,-0.587098352,0.106568987,0.143320904
26.4357,-0.790573050,-0.587882071,0.102296183,0.137566035
26.4564,-0.791511973,-0.588657504,0.098042618,0.131828619
26.4769,-0.792408657,-0.589384525,0.093822689,0.126141607
26.4974,-0.793281473,-0.590058446,0.089593905,0.120451094
26.5175,-0.794086534,-0.590704628,0.085445048,0.114864111
26.5440,-0.795094499,-0.591502935,0.079966890,0.107490987
26.5688,-0.795995492,-0.592177536,0.074830035,0.100585325
26.5897,-0.796677384,-0.592752871,0.070501500,0.094756100
26.6110,-0.797333683,-0.593299553,0.066084828,0.088811223
26.6320,-0.797965425,-0.593768553,0.061722227,0.082948487
26.6522,-0.798532961,-0.594188693,0.057522638,0.077304942
26.6733,-0.799074289,-0.594607747,0.053134001,0.071405080
26.6936,-0.799567683,-0.594961882,0.048907288,0.065726373
26.7139,-0.800007728,-0.595303423,0.044679584,0.060043352
26.7348,-0.800400068,-0.595648550,0.040326098,0.054188013
26.7627,-0.800851514,-0.596067045,0.034510839,0.046367364
26.7828,-0.801118861,-0.596347513,0.030319330,0.040730256
26.8038,-0.801378885,-0.596578026,0.025936449,0.034840241
26.8264,-0.801613774,-0.596785504,0.021217514,0.028499773
26.8467,-0.801797073,-0.596919792,0.016976782,0.022803623
26.8682,-0.801916268,-0.597070530,0.012485383,0.016768926
26.8886,-0.801978557,-0.597194146,0.008222692,0.011042343
26.9093,-0.802007280,-0.597278640,0.003896112,0.005231578
26.9299,-0.801991315,-0.597335299,-0.000410378,-0.000550980
26.9510,-0.801944004,-0.597344673,-0.004821889,-0.006473457
26.9717,-0.801868760,-0.597303858,-0.009149632,-0.012283203
26.9918,-0.801757816,-0.597231008,-0.013351519,-0.017923860
27.0121,-0.801593034,-0.597144155,-0.017595184,-0.023619384
27.0331,-0.801389967,-0.597009193,-0.021984046,-0.029510089
27.0598,-0.801072958,-0.596786076,-0.027562448,-0.036997397
27.0801,-0.800760720,-0.596614318,-0.031803949,-0.042686460
27.1009,-0.800399599,-0.596406092,-0.036148815,-0.048513081
27.1216,-0.800002148,-0.596162054,-0.040471061,-0.054308950
27.1429,-0.799549046,-0.595878665,-0.044916929,-0.060269464
27.1673,-0.798965181,-0.595527038,-0.050008540,-0.067091971
27.1876,-0.798460022,-0.595167850,-0.054239460,-0.072766095
27.2078,-0.797906929,-0.594794572,-0.058448372,-0.078407509
27.2281,-0.797312595,-0.594387250,-0.062675279,-0.084072782
27.2518,-0.796564986,-0.593877502,-0.067606991,-0.090680925
27.2808,-0.795566804,-0.593210005,-0.073637389,-0.098756700
27.3010,-0.794830096,-0.592699537,-0.077832791,-0.104376401
27.3212,-0.794069196,-0.592138608,-0.082021775,-0.109992769
27.3424,-0.793207455,-0.591545555,-0.086417785,-0.115878195
27.3635,-0.792311506,-0.590916125,-0.090787786,-0.121729979
27.3837,-0.791429535,-0.590261564,-0.094963596,-0.127328288
27.4047,-0.790460474,-0.589563513,-0.099302068,-0.133139785
27.4258,-0.789454661,-0.588815473,-0.103653498,-0.138973483
27.4460,-0.788431354,-0.588096143,-0.107818973,-0.144547554
27.4663,-0.787368043,-0.587337233,-0.111998863,-0.150142577
27.4869,-0.786243059,-0.586543973,-0.116236432,-0.155811144
27.5076,-0.785058826,-0.585733042,-0.120492434,-0.161496180
27.5286,-0.783820514,-0.584871960,-0.124802920,-0.167255563
27.5493,-0.782553534,-0.583998861,-0.129047262,-0.172922240
27.5736,-0.781040820,-0.582898615,-0.134013648,-0.179568327
27.5944,-0.779665641,-0.581970830,-0.138268618,-0.185238306
27.6148,-0.778293768,-0.581008158,-0.142429997,-0.190793154
27.6350,-0.776903149,-0.580016496,-0.146541670,-0.196285254
27.6555,-0.775449053,-0.578984654,-0.150708453,-0.201847711
27.6773,-0.773869250,-0.577840866,-0.155127849,-0.207753863
27.6982,-0.772310218,-0.576715592,-0.159357460,-0.213403966
27.7210,-0.770575654,-0.575434987,-0.163957203,-0.219558129
27.7413,-0.768969703,-0.574291128,-0.168051886,-0.225019685
27.7617,-0.767326468,-0.573099374,-0.172154855,-0.230499252
27.7818,-0.765655498,-0.571914859,-0.176194848,-0.235882233
27.8022,-0.763925399,-0.570677591,-0.180284966,-0.241334629
27.8225,-0.762176033,-0.569402882,-0.184341751,-0.246751235
27.8446,-0.760215885,-0.567998460,-0.188753305,-0.252629666
27.8678,-0.758122188,-0.566470228,-0.193367091,-0.258788326
27.8886,-0.756193492,-0.565080521,-0.197497341,-0.264291899
27.9087,-0.754304176,-0.563692287,-0.201473197,-0.269601123
27.9296,-0.752291273,-0.562231015,-0.205601264,-0.275104063
27.9699,-0.748285475,-0.559343101,-0.213536724,-0.285668007
27.9909,-0.746141294,-0.557791076,-0.217654777,-0.291150619
28.0114,-0.744017549,-0.556235821,-0.221659606,-0.296490501
28.0334,-0.741683036,-0.554552065,-0.225952064,-0.302198519
28.0535,-0.739523280,-0.552969425,-0.229856321,-0.307402350
28.0762,-0.737042736,-0.551145717,-0.234250851,-0.313261780
28.0968,-0.734723761,-0.549497612,-0.238242366,-0.318549750
28.1170,-0.732446099,-0.547809106,-0.242125568,-0.323733077
28.1371,-0.730118110,-0.546135528,-0.245992919,-0.328863215
28.1602,-0.727435904,-0.544128221,-0.250400026,-0.334755600
28.1808,-0.724985909,-0.542332112,-0.254327641,-0.339983475
28.2015,-0.722500424,-0.540479706,-0.258252233,-0.345225446
28.2217,-0.720007327,-0.538686238,-0.262089257,-0.350308161
28.2427,-0.717390196,-0.536776034,-0.266056674,-0.355579306
28.2679,-0.714196725,-0.534447819,-0.270800549,-0.361877920
28.2888,-0.711507734,-0.532483056,-0.274718453,-0.367080796
28.3092,-0.708849707,-0.530533391,-0.278526627,-0.372141549
28.3301,-0.706086411,-0.528511369,-0.282415799,-0.377304955
28.3503,-0.703379184,-0.526530959,-0.286161301,-0.382275532
28.3711,-0.700554248,-0.524464938,-0.290004091,-0.387373078
28.3916,-0.697745904,-0.522385296,-0.293767838,-0.392383375
28.4127,-0.694823699,-0.520208867,-0.297621778,-0.397522376
28.4372,-0.691383583,-0.517645521,-0.302076130,-0.403462348
28.4578,-0.688443618,-0.515471531,-0.305810821,-0.408428974
28.4779,-0.685532720,-0.513334946,-0.309446134,-0.413249577
28.4985,-0.682515761,-0.511116715,-0.313155275,-0.418169480
28.5193,-0.679438758,-0.508842974,-0.316880078,-0.423117971
28.5398,-0.676380569,-0.506562781,-0.320526937,-0.427978921
28.5628,-0.672889271,-0.503998450,-0.324615140,-0.433394280
28.5836,-0.669703682,-0.501638880,-0.328286684,-0.438273048
28.6039,-0.666549322,-0.499325155,-0.331863415,-0.443004588
28.6248,-0.663283566,-0.496894075,-0.335513714,-0.447863525
28.6449,-0.660090584,-0.494556037,-0.339024704,-0.452500825
28.6806,-0.654366794,-0.490305973,-0.345194859,-0.460700186
28.7008,-0.651057551,-0.487900937,-0.348686776,-0.465289451
28.7210,-0.647732222,-0.485449548,-0.352146357,-0.469866628
28.7421,-0.644247146,-0.482832354,-0.355719289,-0.474639147
28.7638,-0.640604876,-0.480141935,-0.359394920,-0.479504333
28.7842,-0.637147404,-0.477586986,-0.362831693,-0.484052703
28.8061,-0.633399824,-0.474816760,-0.366500893,-0.488907765
28.8283,-0.629573261,-0.471966268,-0.370188186,-0.493807713
28.8513,-0.625572842,-0.468977544,-0.373980703,-0.498855808
28.8717,-0.621980073,-0.466315498,-0.377335862,-0.503297419
28.8926,-0.618269707,-0.463559020,-0.380750130,-0.507823732
28.9156,-0.614142448,-0.460504720,-0.384490883,-0.512768191
28.9371,-0.610256912,-0.457611182,-0.387956116,-0.517366949
28.9598,-0.606122838,-0.454520268,-0.391584578,-0.522195317
28.9831,-0.601848572,-0.451306050,-0.395273058,-0.527124610
29.0033,-0.598095829,-0.448514826,-0.398466872,-0.531356737
29.0236,-0.594305492,-0.445672434,-0.401643472,-0.535592742
29.0445,-0.590350513,-0.442750849,-0.404918707,-0.539906286
29.0652,-0.586400408,-0.439836326,-0.408144270,-0.544147794
29.0860,-0.582417768,-0.436861014,-0.411342631,-0.548396971
29.1067,-0.578416133,-0.433887068,-0.414513740,-0.552589493
29.1268,-0.574504254,-0.430973805,-0.417568951,-0.556635080
29.1474,-0.570463304,-0.427968872,-0.420682041,-0.560750286
29.1701,-0.565978684,-0.424628381,-0.424084243,-0.565253413
29.1907,-0.561881573,-0.421569064,-0.427144181,-0.569312279
29.2111,-0.557800195,-0.418511448,-0.430146279,-0.573307325
29.2318,-0.553620747,-0.415399062,-0.433182694,-0.577321783
29.2535,-0.549212482,-0.412107133,-0.436335803,-0.581501872
29.2750,-0.544815847,-0.408819221,-0.439432174,-0.585612417
29.2952,-0.540660920,-0.405703657,-0.442313064,-0.589448442
29.3154,-0.536470905,-0.402578560,-0.445183773,-0.593246053
29.3361,-0.532155663,-0.399346849,-0.448093432,-0.597113657
29.3566,-0.527864637,-0.396112323,-0.450936692,-0.600924332
29.3768,-0.523592312,-0.392928490,-0.453742271,-0.604629013
29.3977,-0.519147660,-0.389609300,-0.456616592,-0.608433717
29.4179,-0.514820953,-0.386387482,-0.459378926,-0.612074426
29.4389,-0.510298282,-0.383013977,-0.462222582,-0.615829718
29.4597,-0.505793303,-0.379649932,-0.465012150,-0.619518171
29.4799,-0.501398075,-0.376356333,-0.467688983,-0.623075354
29.5057,-0.495738351,-0.372135121,-0.471090271,-0.627561069
29.5269,-0.491066649,-0.368631572,-0.473841267,-0.631220060
29.5477,-0.486441160,-0.365195174,-0.476542252,-0.634755831
29.5688,-0.481734575,-0.361673542,-0.479236231,-0.638323337
29.6021,-0.474264870,-0.356060308,-0.483414387,-0.643897834
29.6224,-0.469675909,-0.352619575,-0.485935916,-0.647248222
29.6434,-0.464905044,-0.349039645,-0.488516242,-0.650681571
29.6636,-0.460291935,-0.345578745,-0.490974007,-0.653950449
29.6868,-0.454966733,-0.341580681,-0.493763894,-0.657666425
29.7078,-0.450123905,-0.337938018,-0.496254796,-0.660997386
29.7288,-0.445249105,-0.334287294,-0.498733899,-0.664281370
29.7501,-0.440278773,-0.330567649,-0.501223789,-0.667573476
29.7703,-0.435541497,-0.327024504,-0.503561818,-0.670659432
29.7908,-0.430709892,-0.323414347,-0.505912870,-0.673753899
29.8142,-0.425172433,-0.319266787,-0.508555283,-0.677250799
29.8403,-0.418972779,-0.314601677,-0.511440412,-0.681114014
29.8607,-0.414100604,-0.310939828,-0.513670036,-0.684090789
29.8814,-0.409129525,-0.307215520,-0.515918285,-0.687066211
29.9042,-0.403636950,-0.303084533,-0.518346180,-0.690314578
29.9248,-0.398650620,-0.299337657,-0.520514911,-0.693209115
29.9449,-0.393759455,-0.295674665,-0.522618774,-0.695988219
29.9652,-0.388799684,-0.291960446,-0.524717935,-0.698759610
29.9864,-0.383603493,-0.288060053,-0.526871648,-0.701623854
